"subplot_id","nested_subplot","species","basal_diameter_cm","height_budscar_cm","height_total_cm","date"
"C02W",6,"ACRU","0-1",7.3,8.5,"2020-07-30"
"C02W",8,"AMEL","0-1",23,23.5,"2020-07-30"
"C02W",8,"ACRU","0-1",1.5,4,"2020-07-30"
"C02W",8,"AMEL","0-1",6,14.3,"2020-07-30"
"C02W",8,"ACPE","0-1",11,20.5,"2020-07-30"
"C02W",8,"ACPE","0-1",8.5,10.7,"2020-07-30"
"C02W",8,"ACRU","0-1",5.3,5.5,"2020-07-30"
"C02W",2,"ACRU","0-1",2.5,10.5,"2020-07-30"
"C02W",2,"ACPE","0-1",40.8,74.7,"2020-07-30"
"C02W",2,"AMEL","0-1",11.1,16.1,"2020-07-30"
"C02W",2,"AMEL","0-1",12.9,13.3,"2020-07-30"
"C02W",2,"ACRU","0-1",0,5.9,"2020-07-30"
"C02W",2,"ACRU","0-1",4.5,5.6,"2020-07-30"
"C02W",2,"ACPE","0-1",10.5,11.4,"2020-07-30"
"C02W",2,"QURU","0-1",14.3,15.4,"2020-07-30"
"C02W",4,"ACRU","0-1",6.5,7.1,"2020-07-30"
"C02W",4,"ACPE","0-1",18.3,19.6,"2020-07-30"
"C02W",4,"ACPE","0-1",19,20.3,"2020-07-30"
"C02W",4,"PIST","0-1",29.1,30.4,"2020-07-30"
"C02W",4,"ACRU","0-1",3.5,4.1,"2020-07-30"
"C02W",4,"ACRU","0-1",4.2,5.5,"2020-07-30"
"C02E",6,"ACRU","0-1",3.7,4.7,"2020-07-30"
"C02E",6,"ACRU","0-1",3.8,4.3,"2020-07-30"
"C02E",6,"ACRU","0-1",1.7,3.4,"2020-07-30"
"C02E",6,"ACRU","0-1",7.5,8.5,"2020-07-30"
"C02E",6,"ACRU","0-1",2.7,7,"2020-07-30"
"C02E",6,"AMEL","0-1",0,11.4,"2020-07-30"
"C02E",6,"QURU","0-1",8.6,9.6,"2020-07-30"
"C02E",6,"ACRU","0-1",7,7.6,"2020-07-30"
"C02E",6,"ACRU","0-1",3.5,4.1,"2020-07-30"
"C02E",6,"ACRU","0-1",8.3,8.5,"2020-07-30"
"C02E",8,"ACRU","0-1",6.5,7.6,"2020-07-30"
"C02E",8,"ACRU","0-1",0,2.9,"2020-07-30"
"C02E",8,"ACRU","0-1",0,4.6,"2020-07-30"
"C02E",8,"ACRU","0-1",5.5,7.5,"2020-07-30"
"C02E",8,"ACPE","0-1",16.5,17.5,"2020-07-30"
"C02E",8,"ACRU","0-1",5.5,6.1,"2020-07-30"
"C02E",8,"AMEL","0-1",12.1,12.4,"2020-07-30"
"C02E",2,"AMEL","0-1",9,9.1,"2020-07-30"
"C02E",2,"AMEL","0-1",7.5,7.7,"2020-07-30"
"C02E",2,"AMEL","0-1",20.1,20.5,"2020-07-30"
"C02E",2,"ACRU","0-1",13.2,13.4,"2020-07-30"
"C01W",6,"ACRU","0-1",8.5,8.9,"2020-07-30"
"C01W",8,"ACRU","0-1",4,4.3,"2020-07-30"
"C01W",8,"FAGR","0-1",65.4,66.2,"2020-07-30"
"C01W",8,"FAGR","2-Jan",131,137.9,"2020-07-30"
"C01W",2,"PIST","2-Jan",5.4,6.1,"2020-07-30"
"C01W",2,"ACRU","0-1",4.4,4.6,"2020-07-30"
"C01W",2,"ACRU","0-1",5.1,5.3,"2020-07-30"
"C01W",4,"ACRU","0-1",5.8,6,"2020-07-30"
"C01W",4,"ACRU","0-1",8.5,9.2,"2020-07-30"
"C01W",4,"ACRU","0-1",23.1,24.4,"2020-07-30"
"C01W",4,"ACRU","0-1",26,26.4,"2020-07-30"
"C01W",4,"AMEL","0-1",56.2,57.4,"2020-07-30"
"C01W",4,"AMEL","0-1",7.1,7.3,"2020-07-30"
"C01W",4,"ACRU","0-1",69,70,"2020-07-30"
"C01W",4,"ACRU","0-1",7.5,7.5,"2020-07-30"
"C01E",8,"ACRU","0-1",5.8,5.9,"2020-07-30"
"C01E",8,"ACRU","0-1",19.6,19.8,"2020-07-30"
"C01E",8,"ACRU","0-1",6.7,7.1,"2020-07-30"
"C01E",8,"ACRU","0-1",4.5,6.4,"2020-07-30"
"C01E",8,"ACRU","0-1",5.6,6,"2020-07-30"
"C01E",8,"ACRU","0-1",4,5.4,"2020-07-30"
"C01E",6,"ACRU","0-1",4,4.7,"2020-07-30"
"C01E",6,"ACRU","0-1",8.5,8.7,"2020-07-30"
"C01E",6,"ACRU","0-1",5.5,6.2,"2020-07-30"
"C01E",6,NA,"0-1",0,13.9,"2020-07-30"
"C01E",6,NA,"0-1",0,5.5,"2020-07-30"
"C01E",6,"AMEL","0-1",62.4,62.8,"2020-07-30"
"C01E",4,"ACRU","0-1",3.5,3.9,"2020-07-30"
"C01E",4,"ACRU","0-1",4.1,5.5,"2020-07-30"
"C01E",4,"ACRU","0-1",3.6,4,"2020-07-30"
"C01E",2,"ACRU","0-1",8.3,8.5,"2020-07-30"
"C01E",2,"ACRU","0-1",5.1,5.2,"2020-07-30"
"C01E",2,"ACRU","0-1",5,5.7,"2020-07-30"
"C01E",2,"ACRU","0-1",7.2,7.8,"2020-07-30"
"C01E",2,"ACRU","0-1",4,4.9,"2020-07-30"
"C01E",2,"ACRU","0-1",2.5,2.7,"2020-07-30"
"C01E",2,"ACRU","0-1",5,5.5,"2020-07-30"
"C01E",2,"ACRU","0-1",6,6.4,"2020-07-30"
"C01E",2,"ACRU","0-1",4.5,5.3,"2020-07-30"
"C01E",2,"ACRU","0-1",3.5,4,"2020-07-30"
"C02W",6,"ACRU","0-1",8.5,9.2,"2020-07-30"
"C02W",6,"ACRU","0-1",7.9,8.3,"2020-07-30"
"C04W",6,"ACRU","0-1",4.8,5,"2020-07-30"
"C04W",8,"PIST","0-1",6.9,7.2,"2020-07-30"
"C04W",8,"ACRU","0-1",0,4,"2020-07-30"
"C04W",8,"ACRU","0-1",2.5,3.8,"2020-07-30"
"C04W",8,"ACRU","0-1",5,5.7,"2020-07-30"
"C04W",8,"ACRU","0-1",3.8,4,"2020-07-30"
"C04W",8,"ACPE","0-1",6,6.5,"2020-07-30"
"C04W",2,"ACRU","0-1",5.3,5.7,"2020-07-30"
"C04W",2,"ACRU","0-1",7,8.2,"2020-07-30"
"C04W",2,"ACRU","0-1",5.3,8,"2020-07-30"
"C04W",2,"ACRU","0-1",5,5.6,"2020-07-30"
"C04W",4,"AMEL","0-1",41,41.4,"2020-07-30"
"C04W",4,"PIST","0-1",6.9,8,"2020-07-30"
"C04E",8,"ACRU","0-1",7.5,11.3,"2020-07-30"
"C04E",8,"ACRU","0-1",5,7.7,"2020-07-30"
"C04E",8,"ACRU","0-1",9.5,11.1,"2020-07-30"
"C04E",8,"ACRU","0-1",0,6.8,"2020-07-30"
"C04E",8,"ACRU","0-1",2.6,6,"2020-07-30"
"C04E",8,"ACRU","0-1",8.5,10.5,"2020-07-30"
"C04E",8,"ACRU","0-1",0,6.7,"2020-07-30"
"C04E",8,"ACRU","0-1",6.3,8.5,"2020-07-30"
"C04E",8,"ACRU","0-1",3.3,5.4,"2020-07-30"
"C04E",8,"ACRU","0-1",4.5,7.5,"2020-07-30"
"C04E",8,"ACRU","0-1",4.2,5.6,"2020-07-30"
"C04E",8,"ACRU","0-1",0,3.7,"2020-07-30"
"C04E",8,"ACRU","0-1",5,5.9,"2020-07-30"
"C04E",8,"ACRU","0-1",6,6.8,"2020-07-30"
"C04E",8,"ACRU","0-1",7.2,9.3,"2020-07-30"
"C04E",8,"ACRU","0-1",6.1,8,"2020-07-30"
"C04E",8,"ACRU","0-1",3.5,4.8,"2020-07-30"
"C04E",8,"ACRU","0-1",5.7,6.5,"2020-07-30"
"C04E",8,"ACRU","0-1",7.2,8,"2020-07-30"
"C04E",8,"ACRU","0-1",3.5,6.3,"2020-07-30"
"C04E",8,"ACRU","0-1",6.2,7.6,"2020-07-30"
"C04E",2,"PIST","2-Jan",117,130,"2020-07-30"
"C04E",2,"ACRU","0-1",6,6.5,"2020-07-30"
"C04E",2,"ACRU","0-1",4.5,5.7,"2020-07-30"
"C04E",2,"ACRU","0-1",3,5.9,"2020-07-30"
"C04E",2,"AMEL","0-1",3.5,19,"2020-07-30"
"C04E",2,"AMEL","0-1",39,39.9,"2020-07-30"
"C04E",2,"ACRU","0-1",3.5,4.9,"2020-07-30"
"C04E",2,"AMEL","0-1",1.5,2.5,"2020-07-30"
"C02E",2,"AMEL","0-1",41,41.5,"2020-07-30"
"C02E",2,"ACRU","0-1",4.8,5.9,"2020-07-30"
"C02E",2,"ACRU","0-1",4,10.1,"2020-07-30"
"C02E",4,"ACRU","0-1",6.5,6.8,"2020-07-30"
"C02E",4,"ACRU","0-1",4,4.3,"2020-07-30"
"C02E",4,"ACPE","0-1",27,28.3,"2020-07-30"
"C02E",4,"ACRU","0-1",0,2.9,"2020-07-30"
"C02E",4,"ACPE","0-1",9.6,10.7,"2020-07-30"
"C03W",8,"ACRU","0-1",13,14.3,"2020-07-30"
"C03W",8,"ACPE","0-1",106.8,109.1,"2020-07-30"
"C03W",8,"ACPE","0-1",4.2,5.7,"2020-07-30"
"C03W",8,"ACPE","0-1",40,57.5,"2020-07-30"
"C03W",8,"ACPE","0-1",50.4,51.7,"2020-07-30"
"C03W",6,"ACRU","0-1",15,15.2,"2020-07-30"
"C03W",6,"ACRU","0-1",5.5,5.8,"2020-07-30"
"C03W",6,"ACRU","0-1",2,6.5,"2020-07-30"
"C03W",6,"ACRU","0-1",9.6,12.9,"2020-07-30"
"C03W",6,"QURU","0-1",3.8,6.5,"2020-07-30"
"C03W",4,"ACPE","0-1",4.5,5.6,"2020-07-30"
"C03W",4,"ACRU","0-1",7,7.9,"2020-07-30"
"C03W",4,"ACPE","0-1",5.9,9.5,"2020-07-30"
"C03W",2,"ACRU","0-1",5,7.7,"2020-07-30"
"C03W",2,"ACPE","0-1",5,8.8,"2020-07-30"
"C03W",2,"ACRU","0-1",4.5,5.1,"2020-07-30"
"C03W",2,"ACRU","0-1",4.7,6.8,"2020-07-30"
"C03W",2,"ACPE","0-1",4,9.2,"2020-07-30"
"C03E",8,"AMEL","0-1",20.5,21,"2020-07-30"
"C03E",8,"AMEL","0-1",48,48.2,"2020-07-30"
"C03E",8,"FAGR","0-1",92.6,93.1,"2020-07-30"
"C03E",8,"ACRU","0-1",4.8,7.2,"2020-07-30"
"C03E",6,"ACPE","0-1",17,34.5,"2020-07-30"
"C03E",6,"ACPE","0-1",17.5,19.2,"2020-07-30"
"C03E",6,"ACRU","0-1",4.3,7.7,"2020-07-30"
"C03E",6,"QURU","0-1",9.5,10.1,"2020-07-30"
"C03E",4,"ACRU","0-1",12.5,13.2,"2020-07-30"
"C03E",4,"QURU","0-1",16.5,17,"2020-07-30"
"C03E",4,"ACRU","0-1",6,7.6,"2020-07-30"
"C03E",2,"ACRU","0-1",7.2,10.3,"2020-07-30"
"C03E",2,"ACRU","0-1",0,3.5,"2020-07-30"
"C03E",2,"ACRU","0-1",6,6.6,"2020-07-30"
"C03E",2,"ACPE","0-1",19,24.6,"2020-07-30"
"C04W",6,"ACRU","0-1",3.5,4,"2020-07-30"
"C04E",2,"ACRU","0-1",2.5,5.4,"2020-07-30"
"C04E",2,"ACRU","0-1",10.7,13.8,"2020-07-30"
"C04E",2,"ACRU","0-1",0,7,"2020-07-30"
"C04E",2,"ACRU","0-1",4.5,9.7,"2020-07-30"
"C04E",4,"ACRU","0-1",4,5.1,"2020-07-30"
"C04E",4,"ACRU","0-1",4.2,4.6,"2020-07-30"
"C04E",4,"AMEL","0-1",16,23.2,"2020-07-30"
"C04E",4,"ACRU","0-1",5.6,6.2,"2020-07-30"
"C04E",4,"ACRU","0-1",8,8.6,"2020-07-30"
"C04E",4,"ACRU","0-1",5.7,6.4,"2020-07-30"
"C04E",6,"ACRU","0-1",7.4,8.2,"2020-07-30"
"C04E",6,"ACRU","0-1",5.5,6.3,"2020-07-30"
"D04E",2,"QURU","0-1",20,20.5,"2020-07-30"
"D04E",2,"QURU","0-1",12,14.9,"2020-07-30"
"D04E",2,"ACRU","0-1",0,5.7,"2020-07-30"
"D04E",2,"ACRU","0-1",0,2.5,"2020-07-30"
"D04E",2,"ACRU","0-1",5.5,5.7,"2020-07-30"
"D04E",2,"ACRU","0-1",3.7,4.5,"2020-07-30"
"D04E",2,"ACRU","0-1",3.5,3.9,"2020-07-30"
"D04E",4,"FAGR","3-Feb",182.4,285,"2020-07-30"
"D04E",4,"POGR","0-1",3.5,18.7,"2020-07-30"
"D04E",6,"QURU","0-1",12.7,17.5,"2020-07-30"
"D04E",6,"AMEL","0-1",8.6,10.3,"2020-07-30"
"D04E",6,"AMEL","0-1",12.5,12.7,"2020-07-30"
"D04E",8,"AMEL","0-1",0,4,"2020-07-30"
"D04E",8,"ACRU","0-1",7,7.7,"2020-07-30"
"D04E",8,"ACRU","0-1",10.7,12,"2020-07-30"
"D04E",8,"ACRU","0-1",2,4.8,"2020-07-30"
"D04E",8,"AMEL","0-1",9.5,9.8,"2020-07-30"
"D04E",8,"ACRU","0-1",35,35.8,"2020-07-30"
"D04E",8,"AMEL","0-1",15,16,"2020-07-30"
"D04E",8,"ACRU","0-1",15.7,16.1,"2020-07-30"
"D04E",8,"AMEL","0-1",5.5,8.1,"2020-07-30"
"D04E",8,"AMEL","0-1",13.6,14.9,"2020-07-30"
"D04E",8,"ACRU","0-1",3.9,4.7,"2020-07-30"
"D04E",8,"ACRU","0-1",11.1,11.5,"2020-07-30"
"D04E",8,"POGR","0-1",30,34,"2020-07-30"
"D04E",8,"ACPE","0-1",5,6.2,"2020-07-30"
"D04E",8,"AMEL","0-1",16.8,17.2,"2020-07-30"
"D04E",8,"AMEL","0-1",8.9,10.7,"2020-07-30"
"D04E",8,"AMEL","0-1",16.2,16.5,"2020-07-30"
"D04E",8,"AMEL","0-1",9,9.9,"2020-07-30"
"D04W",2,"ACRU","0-1",5.6,6.8,"2020-07-30"
"D04W",2,"ACRU","0-1",10,11.9,"2020-07-30"
"D04W",2,"ACRU","0-1",18,19.1,"2020-07-30"
"D04W",2,"ACRU","0-1",18.5,20,"2020-07-30"
"D04W",2,"AMEL","0-1",2.5,5,"2020-07-30"
"D04W",2,"AMEL","0-1",0,6.3,"2020-07-30"
"D04W",2,"ACRU","0-1",30.8,35.9,"2020-07-30"
"D04W",2,"ACRU","0-1",21.1,23,"2020-07-30"
"D04W",2,"PIST","0-1",10.7,14.2,"2020-07-30"
"D04W",2,"ACRU","0-1",18.5,19.5,"2020-07-30"
"D04W",2,"ACRU","0-1",8.2,8.5,"2020-07-30"
"D04W",4,"ACRU","0-1",25,28.9,"2020-07-30"
"D04W",4,"ACRU","0-1",6.5,8,"2020-07-30"
"D04W",6,"ACRU","0-1",6.9,8.7,"2020-07-30"
"D04W",6,"ACRU","0-1",7.1,8.1,"2020-07-30"
"D04W",6,"ACRU","0-1",23.2,24.1,"2020-07-30"
"D04W",6,"ACRU","0-1",9,9.8,"2020-07-30"
"D04W",6,"ACRU","0-1",7.5,8.9,"2020-07-30"
"D04W",6,"ACRU","0-1",7,7.7,"2020-07-30"
"D04W",6,"ACRU","0-1",4.5,5.2,"2020-07-30"
"D04W",6,"ACRU","0-1",11,11.8,"2020-07-30"
"D04W",8,"ACRU","0-1",9.9,13.2,"2020-07-30"
"D04W",8,"ACRU","0-1",5.9,7.8,"2020-07-30"
"D04W",8,"ACRU","0-1",12.9,22.8,"2020-07-30"
"D04W",8,"ACRU","0-1",5.7,8.1,"2020-07-30"
"D04W",8,"ACRU","0-1",7,9.2,"2020-07-30"
"D04W",8,"ACRU","0-1",19,20.1,"2020-07-30"
"D04W",8,"ACRU","0-1",20.5,30.2,"2020-07-30"
"D04W",8,"ACRU","0-1",22,24,"2020-07-30"
"D04W",8,"ACRU","0-1",10.2,15.3,"2020-07-30"
"D04W",8,"AMEL","0-1",14,14.7,"2020-07-30"
"D04W",8,"AMEL","0-1",12.3,12.5,"2020-07-30"
"D04W",8,"AMEL","0-1",6.5,7.7,"2020-07-30"
"D04W",8,"ACRU","0-1",15.5,16.8,"2020-07-30"
"D04W",8,"QURU","0-1",2,5.3,"2020-07-30"
"D04W",8,"ACRU","0-1",6.5,8.2,"2020-07-30"
"D04W",8,"ACRU","0-1",6.1,10.5,"2020-07-30"
"D04W",8,"ACRU","0-1",6,7.9,"2020-07-30"
"D04W",8,"ACRU","0-1",5.7,6.8,"2020-07-30"
"D04W",8,"ACRU","0-1",4.5,5.9,"2020-07-30"
"D04W",8,"ACRU","0-1",6.5,12.6,"2020-07-30"
"D04W",8,"ACRU","0-1",8,8.9,"2020-07-30"
"D04W",8,"ACRU","0-1",8.1,8.6,"2020-07-30"
"D04W",8,"ACRU","0-1",9,12.1,"2020-07-30"
"D04W",8,"ACRU","0-1",7.1,8.7,"2020-07-30"
"D04W",8,"ACRU","0-1",5,5.8,"2020-07-30"
"D04W",8,"ACRU","0-1",7.2,7.6,"2020-07-30"
"D04W",8,"QURU","0-1",3.5,13.3,"2020-07-30"
"D04W",8,"QURU","0-1",26.5,30.4,"2020-07-30"
"D04W",8,"PIST","0-1",103.3,105.4,"2020-07-30"
"D02E",4,"ACRU","0-1",7.5,9,"2020-07-30"
"D02E",4,"AMEL","0-1",8.5,8.7,"2020-07-30"
"D02E",4,"ACRU","0-1",6.5,6.9,"2020-07-30"
"D02E",4,"ACRU","0-1",5.5,6.8,"2020-07-30"
"D02E",4,"PIST","0-1",50.4,52.1,"2020-07-30"
"D02E",4,"PIST","2-Jan",164,164,"2020-07-30"
"D02E",6,"ACRU","0-1",14.5,14.7,"2020-07-30"
"D02E",6,"AMEL","0-1",16,16.1,"2020-07-30"
"D02E",6,"PIST","0-1",68.5,68.5,"2020-07-30"
"D02E",6,"PIST","2-Jan",119,120.4,"2020-07-30"
"D02E",8,"ACRU","0-1",0,6.7,"2020-07-30"
"D02E",8,"ACRU","0-1",0,4.7,"2020-07-30"
"D02E",8,"ACRU","0-1",0,10.3,"2020-07-30"
"D02E",8,"ACRU","0-1",0,5.6,"2020-07-30"
"D02E",8,"PIST","3-Feb",169.2,169.2,"2020-07-30"
"D02E",2,"QURU","0-1",9.8,11.3,"2020-07-30"
"D02E",2,"QURU","0-1",11.5,11.6,"2020-07-30"
"D02E",2,"QURU","0-1",7.5,9.5,"2020-07-30"
"D02E",2,"AMEL","0-1",5,7.3,"2020-07-30"
"D02E",2,"AMEL","0-1",13.5,13.8,"2020-07-30"
"D02E",2,"ACRU","0-1",4.1,6.1,"2020-07-30"
"D02W",2,"AMEL","0-1",54,54.2,"2020-07-30"
"D02W",2,"AMEL","0-1",21,34.2,"2020-07-30"
"D02W",2,"AMEL","0-1",0,9.2,"2020-07-30"
"D02W",2,"ACRU","0-1",7.3,8.5,"2020-07-30"
"D02W",4,"ACRU","0-1",9.8,11.6,"2020-07-30"
"D02W",4,"AMEL","0-1",42.3,43,"2020-07-30"
"D02W",4,"AMEL","0-1",15.5,19.7,"2020-07-30"
"D02W",4,"AMEL","0-1",28.9,29,"2020-07-30"
"D02W",4,"AMEL","0-1",22.5,22.8,"2020-07-30"
"D02W",6,"ACPE","0-1",30.4,31,"2020-07-30"
"D02W",6,"ACPE","0-1",33.1,36.5,"2020-07-30"
"D02W",6,"FAGR","2-Jan",165,193.5,"2020-07-30"
"D02W",8,"PIST","0-1",5.9,8.1,"2020-07-30"
"D02W",8,"PIST","0-1",6.5,8.2,"2020-07-30"
"D02W",8,"PIST","0-1",6.1,7.4,"2020-07-30"
"D03E",8,"POGR","0-1",0,19.5,"2020-07-30"
"D03E",8,"AMEL","0-1",10,10.1,"2020-07-30"
"D03E",8,"ACRU","0-1",0,6.4,"2020-07-30"
"D03E",8,"ACRU","0-1",14.7,15.5,"2020-07-30"
"D03E",8,"AMEL","0-1",10.8,10.8,"2020-07-30"
"D03E",8,"ACRU","0-1",8.7,13.9,"2020-07-30"
"D03E",8,"ACRU","0-1",6.7,8.6,"2020-07-30"
"D03E",8,"AMEL","0-1",0,7.5,"2020-07-30"
"D03E",8,"ACRU","0-1",12,15.4,"2020-07-30"
"D03E",8,"POGR","0-1",0,13.5,"2020-07-30"
"D03E",8,"ACRU","0-1",0,3.5,"2020-07-30"
"D03E",8,"ACRU","0-1",0,5.7,"2020-07-30"
"D03E",2,"ACRU","0-1",0,3.4,"2020-07-30"
"D03E",2,"ACRU","0-1",6,6.5,"2020-07-30"
"D03E",4,NA,"0-1",NA,NA,"2020-07-30"
"D03E",6,"ACRU","0-1",3.7,4.6,"2020-07-30"
"D03E",6,"AMEL","0-1",12,12.8,"2020-07-30"
"D03E",6,"AMEL","0-1",19.5,21.1,"2020-07-30"
"D03E",6,"ACRU","0-1",0,5.9,"2020-07-30"
"D03E",6,"ACRU","0-1",12,13.4,"2020-07-30"
"D03E",6,"ACRU","0-1",12.5,13.4,"2020-07-30"
"D03E",6,"ACRU","0-1",6.8,8.7,"2020-07-30"
"D03E",6,"AMEL","0-1",53.8,54.5,"2020-07-30"
"D03W",2,"ACRU","0-1",5.5,7.1,"2020-07-30"
"D03W",2,"ACRU","0-1",6.5,7,"2020-07-30"
"D03W",2,"ACRU","0-1",8.5,8.9,"2020-07-30"
"D03W",2,"ACRU","0-1",0,5,"2020-07-30"
"D03W",2,"ACRU","0-1",9.3,10.3,"2020-07-30"
"D03W",4,"ACRU","0-1",8,8.5,"2020-07-30"
"D03W",4,"FAGR","0-1",32,34.8,"2020-07-30"
"D03W",4,"PIST","2-Jan",59,60,"2020-07-30"
"D03W",4,"ACRU","0-1",2.5,2.8,"2020-07-30"
"D03W",4,"ACRU","0-1",12.5,13.1,"2020-07-30"
"D03W",4,"ACRU","0-1",7,7.4,"2020-07-30"
"D03W",6,"ACRU","0-1",10.1,11.6,"2020-07-30"
"D03W",6,"POGR","0-1",0,14.5,"2020-07-30"
"D03W",6,"ACRU","0-1",0,3.2,"2020-07-30"
"D03W",6,"ACRU","0-1",5.7,7,"2020-07-30"
"D03W",6,"ACRU","0-1",20,21,"2020-07-30"
"D03W",6,"POGR","0-1",0,23.5,"2020-07-30"
"D03W",8,"ACRU","0-1",15,15.6,"2020-07-30"
"D03W",8,"ACRU","0-1",5.5,6.9,"2020-07-30"
"D03W",8,"ACRU","0-1",15.5,16.3,"2020-07-30"
"D03W",8,"ACRU","0-1",16.4,16.8,"2020-07-30"
"D03W",8,"ACRU","0-1",8.8,9.5,"2020-07-30"
"D03W",8,"ACRU","0-1",13.3,14.2,"2020-07-30"
"D03W",8,"ACRU","0-1",13,13.2,"2020-07-30"
"D03W",8,"ACRU","0-1",12.8,13.1,"2020-07-30"
"D03W",8,"ACRU","0-1",12.5,12.9,"2020-07-30"
"D03W",8,"ACRU","0-1",0,5.8,"2020-07-30"
"D03W",8,"ACRU","0-1",6.5,6.8,"2020-07-30"
"D03W",8,"ACRU","0-1",6,7.7,"2020-07-30"
"D03W",8,"ACRU","0-1",21,22.4,"2020-07-30"
"D03W",8,"ACRU","0-1",12.5,12.9,"2020-07-30"
"D01E",2,NA,"0-1",NA,NA,"2020-07-30"
"D01E",4,"FAGR","0-1",14.5,14.8,"2020-07-30"
"D01E",6,NA,"0-1",NA,NA,"2020-07-30"
"D01E",8,NA,"0-1",NA,NA,"2020-07-30"
"D01W",2,"QURU","0-1",15.5,16,"2020-07-30"
"D01W",2,"ACRU","0-1",9.1,12,"2020-07-30"
"D01W",2,"ACRU","0-1",0,3.4,"2020-07-30"
"D01W",2,"QURU","0-1",4.5,5.5,"2020-07-30"
"D01W",2,"ACRU","0-1",0,4.6,"2020-07-30"
"D01W",2,"ACRU","0-1",6,6.2,"2020-07-30"
"D01W",2,"ACRU","0-1",3.5,4.1,"2020-07-30"
"D01W",4,"ACRU","0-1",2.8,3.5,"2020-07-30"
"D01W",4,"ACRU","0-1",17.5,19.6,"2020-07-30"
"D01W",4,"ACRU","0-1",11.4,12.6,"2020-07-30"
"D01W",4,"ACRU","0-1",4.5,5,"2020-07-30"
"D01W",4,"ACRU","0-1",14.6,15,"2020-07-30"
"D01W",4,"ACRU","0-1",15.1,15.6,"2020-07-30"
"D01W",6,"AMEL","0-1",20.9,29.6,"2020-07-30"
"D01W",6,"ACRU","0-1",20.3,21.2,"2020-07-30"
"D01W",6,"ACRU","0-1",8.6,10.4,"2020-07-30"
"D01W",6,"ACRU","0-1",10,10.6,"2020-07-30"
"D01W",6,"ACRU","0-1",17.7,19.1,"2020-07-30"
"D01W",6,"AMEL","0-1",18.5,18.5,"2020-07-30"
"D01W",8,"ACRU","0-1",17.5,17.9,"2020-07-30"
"D01W",8,"ACRU","0-1",0,5.7,"2020-07-30"
"D01W",8,"ACRU","0-1",7.5,9.4,"2020-07-30"
"D01W",8,"AMEL","0-1",71,71,"2020-07-30"
"D01W",8,"ACRU","0-1",15.5,17.7,"2020-07-30"
"D01W",8,"ACRU","0-1",18,20,"2020-07-30"
"D01W",8,"ACRU","0-1",3,7.5,"2020-07-30"
"B04E",2,"ACRU","0-1",25,26.9,"2020-07-31"
"B04E",2,"ACRU","0-1",30,30.5,"2020-07-31"
"B04E",2,"ACRU","0-1",27.8,28.3,"2020-07-31"
"B04E",2,"VBAC","0-1",72,73.5,"2020-07-31"
"B04E",2,"VBAC","0-1",48.5,49,"2020-07-31"
"B04E",2,"ACRU","0-1",29.1,29.9,"2020-07-31"
"B04E",2,"ACRU","0-1",16.2,17.7,"2020-07-31"
"B04E",2,"VBAC","0-1",0,11.7,"2020-07-31"
"B04E",2,"VBAC","0-1",14.1,24.5,"2020-07-31"
"B04E",2,"VBAC","0-1",12.5,18.2,"2020-07-31"
"B04E",2,"ACRU","0-1",5.8,10.7,"2020-07-31"
"B04E",2,"VBAC","0-1",7,11.5,"2020-07-31"
"B04E",2,"VBAC","0-1",6.5,14.3,"2020-07-31"
"B04E",2,"VBAC","0-1",18.5,19.6,"2020-07-31"
"B04E",4,"ACRU","0-1",6,7.2,"2020-07-31"
"B04E",4,"ACRU","0-1",13.8,15.4,"2020-07-31"
"B04E",4,"ACRU","0-1",8.7,9.9,"2020-07-31"
"B04E",4,"ACRU","0-1",9.3,9.9,"2020-07-31"
"B04E",4,"ACRU","0-1",3,4.2,"2020-07-31"
"B04E",4,"ACRU","0-1",5,6,"2020-07-31"
"B04E",4,"ACRU","0-1",16,22.1,"2020-07-31"
"B04E",4,"ACRU","0-1",8.6,9.6,"2020-07-31"
"B04E",4,"ACRU","0-1",10,10.6,"2020-07-31"
"B04E",4,"ACRU","0-1",9,10.3,"2020-07-31"
"B04E",4,"ACRU","0-1",2.5,3.5,"2020-07-31"
"B04E",4,"ACRU","0-1",6.5,7.5,"2020-07-31"
"B04E",4,"ACRU","0-1",8.9,10,"2020-07-31"
"B04E",4,"ACRU","0-1",6.7,7.4,"2020-07-31"
"B04E",4,"ACRU","0-1",4.1,4.5,"2020-07-31"
"B04E",4,"ACRU","0-1",5.6,6.7,"2020-07-31"
"B04E",4,"ACRU","0-1",5.4,6.1,"2020-07-31"
"B04E",4,"ACRU","0-1",7.1,8.2,"2020-07-31"
"B04E",4,"ACRU","0-1",6.1,6.6,"2020-07-31"
"B04E",4,"ACRU","0-1",5.3,6.6,"2020-07-31"
"B04E",4,"ACRU","0-1",11,12.8,"2020-07-31"
"B04E",4,"ACRU","0-1",10.2,11.1,"2020-07-31"
"B04E",4,"ACRU","0-1",6.4,6.7,"2020-07-31"
"B04E",4,"ACRU","0-1",5,6.4,"2020-07-31"
"B04E",4,"QURU","0-1",13.3,14.8,"2020-07-31"
"B02W",6,"ACRU","0-1",4.6,5,"2020-07-31"
"B02W",6,"ACPE","0-1",17.6,28,"2020-07-31"
"B02W",6,"ACPE","0-1",25,27.8,"2020-07-31"
"B02W",6,"ACPE","0-1",0,4,"2020-07-31"
"B02W",6,"ACPE","3-Feb",140,196.5,"2020-07-31"
"B02W",6,"ACPE","2-Jan",98,120.9,"2020-07-31"
"B02W",6,"FAGR","0-1",50,55.2,"2020-07-31"
"B02W",6,"AMEL","0-1",0,34.4,"2020-07-31"
"B02W",6,"AMEL","0-1",49,49.5,"2020-07-31"
"B02W",8,"ACRU","0-1",49,49.5,"2020-07-31"
"B04E",4,"ACRU","0-1",4.9,5.4,"2020-07-31"
"B04E",4,"ACRU","0-1",9,14.5,"2020-07-31"
"B04E",4,"ACRU","0-1",4.6,5.7,"2020-07-31"
"B04E",4,"ACRU","0-1",8.1,10.3,"2020-07-31"
"B04E",4,"ACRU","0-1",0,5.7,"2020-07-31"
"B04E",4,"ACRU","0-1",6,7.9,"2020-07-31"
"B04E",4,"ACRU","0-1",11.7,14.5,"2020-07-31"
"B04E",4,"ACRU","0-1",16.3,18.3,"2020-07-31"
"B04E",4,"ACRU","0-1",3.9,4.5,"2020-07-31"
"B04E",4,"ACRU","0-1",4,5.6,"2020-07-31"
"B04E",4,"ACRU","0-1",6.5,9.1,"2020-07-31"
"B04E",4,"ACRU","0-1",12.5,14.4,"2020-07-31"
"B04E",4,"ACRU","0-1",10.6,12.3,"2020-07-31"
"B04E",4,"ACRU","0-1",9,8.2,"2020-07-31"
"B04E",4,"ACRU","0-1",5.4,6,"2020-07-31"
"B04E",4,"ACRU","0-1",7.7,8.6,"2020-07-31"
"B04E",4,"ACRU","0-1",9,9.2,"2020-07-31"
"B04E",4,"ACRU","0-1",5.5,6,"2020-07-31"
"B04E",4,"ACRU","0-1",5.6,6,"2020-07-31"
"B04E",4,"ACRU","0-1",4.7,5.6,"2020-07-31"
"B04E",4,"ACRU","0-1",4.8,5.1,"2020-07-31"
"B04E",4,"ACRU","0-1",15,16.8,"2020-07-31"
"B04E",4,"ACRU","0-1",8.1,9.2,"2020-07-31"
"B04E",4,"ACRU","0-1",9.5,11.9,"2020-07-31"
"B04E",4,"ACRU","0-1",7.5,8.6,"2020-07-31"
"B04E",4,"ACRU","0-1",6,7.9,"2020-07-31"
"B04E",4,"ACRU","0-1",4.5,6,"2020-07-31"
"B04E",6,"ACRU","0-1",0,6.9,"2020-07-31"
"B04E",6,"ACRU","0-1",9.5,10.2,"2020-07-31"
"B04E",6,"ACPE","0-1",19.4,21.1,"2020-07-31"
"B04E",6,"ACPE","0-1",33,51.4,"2020-07-31"
"B04E",6,"ACPE","0-1",24.5,51.5,"2020-07-31"
"B04E",6,"ACRU","0-1",50.8,52.8,"2020-07-31"
"B04E",6,"ACRU","0-1",19.6,20.7,"2020-07-31"
"B04E",6,"ACRU","0-1",14,14.9,"2020-07-31"
"B04E",6,"ACRU","0-1",8.7,10.2,"2020-07-31"
"B04E",6,"ACRU","0-1",16.3,19.7,"2020-07-31"
"B04E",6,"ACRU","0-1",12.5,13.1,"2020-07-31"
"B04E",6,"ACRU","0-1",17.3,27,"2020-07-31"
"B04E",6,"ACRU","0-1",10.5,12,"2020-07-31"
"B04E",6,"ACRU","0-1",20.3,21,"2020-07-31"
"B04E",6,"ACRU","0-1",18.7,19.6,"2020-07-31"
"B04E",6,"ACRU","0-1",32,34.1,"2020-07-31"
"B04E",6,"ACRU","0-1",30.5,31.9,"2020-07-31"
"B04E",8,"ACRU","0-1",7.9,76,"2020-07-31"
"B04E",8,"ACRU","0-1",11.5,12.1,"2020-07-31"
"B04E",8,"ACRU","0-1",16.9,17.5,"2020-07-31"
"B04E",8,"AMEL","0-1",5.6,6.6,"2020-07-31"
"B04E",8,"AMEL","0-1",13,14.7,"2020-07-31"
"B04E",8,"AMEL","0-1",13,16.3,"2020-07-31"
"B04E",8,"ACRU","0-1",4.7,5.6,"2020-07-31"
"B04E",8,"ACRU","0-1",12.9,13.5,"2020-07-31"
"B04E",8,"ACRU","0-1",17.8,18.5,"2020-07-31"
"B04E",8,"ACRU","0-1",36.5,37.2,"2020-07-31"
"B04E",8,"ACRU","0-1",0,6.1,"2020-07-31"
"B04E",8,"AMEL","0-1",21.1,24.1,"2020-07-31"
"B04E",8,"ACRU","0-1",13.2,14.1,"2020-07-31"
"B04E",8,"ACRU","0-1",31.8,32.4,"2020-07-31"
"B04E",8,"ACRU","0-1",20,20.9,"2020-07-31"
"B04E",8,"ACRU","0-1",22.5,23.3,"2020-07-31"
"B04E",8,"ACRU","0-1",8,8.4,"2020-07-31"
"B04E",8,"ACRU","0-1",7.5,7.8,"2020-07-31"
"B04E",8,"ACRU","0-1",5,5.5,"2020-07-31"
"B04E",8,"ACRU","0-1",13.5,14.5,"2020-07-31"
"B04E",8,"POGR","0-1",0,10,"2020-07-31"
"B04E",8,"ACRU","0-1",5.3,5.6,"2020-07-31"
"B04E",8,"ACRU","0-1",17,17.5,"2020-07-31"
"B04E",8,"ACRU","0-1",11.3,12.9,"2020-07-31"
"B04E",8,"ACRU","0-1",32.2,34.1,"2020-07-31"
"B04E",8,"ACRU","0-1",22.3,24.4,"2020-07-31"
"B04E",8,"ACRU","0-1",25,26.2,"2020-07-31"
"B04E",8,"ACRU","0-1",13.6,14.7,"2020-07-31"
"B04E",8,"ACRU","0-1",4.8,5.3,"2020-07-31"
"B04W",2,"ACRU","0-1",5.7,6,"2020-07-31"
"B04W",2,"ACRU","0-1",3.5,5.6,"2020-07-31"
"B04W",2,"ACRU","0-1",3.5,5.3,"2020-07-31"
"B04W",2,"ACRU","0-1",3.6,4.3,"2020-07-31"
"B04W",2,"ACRU","0-1",6,6.3,"2020-07-31"
"B04W",2,"AMEL","0-1",11.3,11.7,"2020-07-31"
"B04W",2,"ACRU","0-1",42,45.4,"2020-07-31"
"B04W",2,"ACRU","0-1",46.4,48.3,"2020-07-31"
"B04W",2,"ACRU","0-1",9.5,12.2,"2020-07-31"
"B04W",2,"ACRU","0-1",4.9,6.4,"2020-07-31"
"B04W",2,"ACRU","0-1",7.1,8.6,"2020-07-31"
"B04W",2,"ACRU","0-1",40.2,44.3,"2020-07-31"
"B04W",2,"ACRU","0-1",13.5,15.3,"2020-07-31"
"B04W",2,"ACRU","0-1",18.3,20,"2020-07-31"
"B04W",2,"ACRU","0-1",49.4,50.1,"2020-07-31"
"B04W",2,"AMEL","0-1",54.4,55.7,"2020-07-31"
"B04W",2,"AMEL","0-1",36.5,39.8,"2020-07-31"
"B04W",2,"AMEL","0-1",71.4,71.5,"2020-07-31"
"B04W",2,"AMEL","0-1",44.9,47.5,"2020-07-31"
"B04W",2,"ACRU","0-1",13.1,18,"2020-07-31"
"B04W",2,"AMEL","0-1",42.3,45.6,"2020-07-31"
"B04W",2,"AMEL","0-1",91,92.1,"2020-07-31"
"B04W",2,"AMEL","0-1",47.6,48.1,"2020-07-31"
"B04W",2,"ACRU","0-1",30.4,31.3,"2020-07-31"
"B04W",2,"ACRU","0-1",19.6,20.5,"2020-07-31"
"B04W",2,"ACRU","0-1",17.6,18,"2020-07-31"
"B04W",2,"ACRU","0-1",0,5,"2020-07-31"
"B04W",2,"ACRU","0-1",7.5,8,"2020-07-31"
"B04W",2,"ACRU","0-1",4.1,5,"2020-07-31"
"B04W",2,"ACRU","0-1",47.1,49.2,"2020-07-31"
"B04W",2,"ACRU","0-1",39.3,40.5,"2020-07-31"
"B04W",4,"AMEL","0-1",59,63.5,"2020-07-31"
"B04W",4,"ACRU","0-1",3.3,4.5,"2020-07-31"
"B04W",4,"ACRU","0-1",6.5,7.3,"2020-07-31"
"B04W",4,"ACRU","0-1",6.2,6.6,"2020-07-31"
"B04W",4,"ACRU","0-1",4.7,6.5,"2020-07-31"
"B04W",4,"ACRU","0-1",13,16.7,"2020-07-31"
"B04W",4,"ACRU","0-1",0,6.9,"2020-07-31"
"B04W",4,"ACRU","0-1",4.5,4.7,"2020-07-31"
"B04W",4,"AMEL","0-1",37.4,41.9,"2020-07-31"
"B04W",4,"ACRU","0-1",4.3,4.8,"2020-07-31"
"B04W",4,"ACRU","0-1",7.6,8.5,"2020-07-31"
"B04W",4,"ACRU","0-1",7.6,8,"2020-07-31"
"B04W",4,"ACRU","0-1",4.5,5.1,"2020-07-31"
"B04W",4,"AMEL","0-1",13.5,14.8,"2020-07-31"
"B04W",4,"ACRU","0-1",5,6.1,"2020-07-31"
"B04W",4,"ACRU","0-1",20.2,21.6,"2020-07-31"
"B04W",4,"ACRU","0-1",14.9,17,"2020-07-31"
"B04W",4,"ACRU","0-1",6,7.6,"2020-07-31"
"B04W",4,"ACRU","0-1",19.5,21.5,"2020-07-31"
"B04W",4,"ACRU","0-1",19.3,21.1,"2020-07-31"
"B04W",4,"ACRU","0-1",20.7,22.4,"2020-07-31"
"B04W",4,"ACRU","0-1",18.8,20.1,"2020-07-31"
"B04W",4,"ACRU","0-1",17.5,23.4,"2020-07-31"
"B04W",4,"ACRU","0-1",19.1,22.9,"2020-07-31"
"B04W",4,"ACRU","0-1",12.9,14.9,"2020-07-31"
"B04W",6,"ACRU","0-1",11.3,11.6,"2020-07-31"
"B04W",6,"ACRU","0-1",0,5.5,"2020-07-31"
"B04W",6,"ACRU","0-1",3.7,4.3,"2020-07-31"
"B04W",8,"ACRU","0-1",2.5,3.1,"2020-07-31"
"B04W",8,"ACRU","0-1",7,7.3,"2020-07-31"
"B04W",8,"ACRU","0-1",5.5,7.3,"2020-07-31"
"B04W",8,"ACRU","0-1",8.3,8.4,"2020-07-31"
"B04W",8,"ACRU","0-1",5.9,6.6,"2020-07-31"
"B04W",8,"ACRU","0-1",7.3,8.1,"2020-07-31"
"B04W",8,"ACRU","0-1",4.6,5.5,"2020-07-31"
"B04W",8,"ACPE","0-1",6,8.5,"2020-07-31"
"B04W",8,"ACRU","0-1",8.4,8.8,"2020-07-31"
"B04W",8,"AMEL","0-1",7.1,27.9,"2020-07-31"
"B04W",8,"AMEL","0-1",45.7,46.4,"2020-07-31"
"B04W",8,"ACRU","0-1",17.6,17.9,"2020-07-31"
"B04W",8,"ACRU","0-1",7.9,8.3,"2020-07-31"
"B04W",8,"ACRU","0-1",5.6,5.8,"2020-07-31"
"B04W",8,"ACRU","0-1",5,5.2,"2020-07-31"
"B04W",8,"ACRU","0-1",2.7,4.4,"2020-07-31"
"B04W",8,"ACRU","0-1",5.7,6.1,"2020-07-31"
"B04W",8,"ACRU","0-1",8.6,9.4,"2020-07-31"
"B04W",8,"ACRU","0-1",6,6.2,"2020-07-31"
"B04W",8,"ACRU","0-1",7.3,7.7,"2020-07-31"
"B04W",8,"ACRU","0-1",6.8,7.1,"2020-07-31"
"B04W",8,"ACRU","0-1",2.5,3.8,"2020-07-31"
"B04W",8,"ACRU","0-1",4,4.5,"2020-07-31"
"B04W",8,"ACRU","0-1",3.9,4.2,"2020-07-31"
"B04W",8,"ACRU","0-1",3,3.6,"2020-07-31"
"B04W",8,"QURU","0-1",20,20.5,"2020-07-31"
"B04W",8,"AMEL","0-1",4,4.9,"2020-07-31"
"B04W",8,"ACRU","0-1",4,4.5,"2020-07-31"
"B04W",8,"ACRU","0-1",13.7,14.2,"2020-07-31"
"B04W",8,"ACRU","0-1",8.7,9,"2020-07-31"
"B04W",8,"ACRU","0-1",4.9,5.2,"2020-07-31"
"B04W",8,"ACRU","0-1",2.8,3,"2020-07-31"
"B04W",8,"ACRU","0-1",4,8,"2020-07-31"
"B04W",8,"ACRU","0-1",5,5.2,"2020-07-31"
"B04W",8,"ACRU","0-1",3.7,5,"2020-07-31"
"B04W",8,"ACRU","0-1",4.1,4.3,"2020-07-31"
"B04W",8,"ACRU","0-1",30.2,30.6,"2020-07-31"
"B04W",8,"ACRU","0-1",4.3,6.6,"2020-07-31"
"B04W",8,"ACRU","0-1",11,11.7,"2020-07-31"
"B04W",8,"ACRU","0-1",19,19.9,"2020-07-31"
"B04W",8,"ACRU","0-1",11.2,11.9,"2020-07-31"
"B04W",8,"ACRU","0-1",3.9,4.2,"2020-07-31"
"B04W",8,"AMEL","2-Jan",202.3,261.5,"2020-07-31"
"B03E",2,"ACRU","0-1",6.5,12.9,"2020-07-31"
"B03E",2,"ACRU","0-1",9.2,15.1,"2020-07-31"
"B03E",2,"ACRU","0-1",11,13.4,"2020-07-31"
"B03E",2,"ACRU","0-1",8.5,11,"2020-07-31"
"B03E",2,"AMEL","0-1",16.1,22.9,"2020-07-31"
"B03E",2,"AMEL","0-1",11.1,12.3,"2020-07-31"
"B03E",2,"AMEL","0-1",0,7.6,"2020-07-31"
"B03E",2,"AMEL","0-1",14.5,16.1,"2020-07-31"
"B03E",2,"ACRU","0-1",16,21.4,"2020-07-31"
"B03E",2,"ACRU","0-1",34.6,35.4,"2020-07-31"
"B03E",2,"ACRU","0-1",14.9,20.1,"2020-07-31"
"B03E",2,"VBAC","0-1",15.5,24.1,"2020-07-31"
"B03E",2,"VBAC","0-1",4,14.7,"2020-07-31"
"B03E",4,"ACRU","0-1",7.5,8.1,"2020-07-31"
"B03E",4,"ACRU","0-1",5.7,9.1,"2020-07-31"
"B03E",4,"ACRU","0-1",9,9.8,"2020-07-31"
"B03E",4,"ACRU","0-1",11.2,12.2,"2020-07-31"
"B03E",4,"ACRU","0-1",4.8,6,"2020-07-31"
"B03E",4,"ACRU","0-1",7,8.1,"2020-07-31"
"B03E",4,"ACRU","0-1",6.4,7.3,"2020-07-31"
"B03E",4,"ACRU","0-1",5.6,7.1,"2020-07-31"
"B03E",4,"ACRU","0-1",5.2,7.7,"2020-07-31"
"B03E",4,"ACRU","0-1",4.9,5.8,"2020-07-31"
"B03E",4,"ACRU","0-1",5.9,6.8,"2020-07-31"
"B03E",4,"AMEL","0-1",16.1,18,"2020-07-31"
"B03E",4,"AMEL","0-1",18.1,28.9,"2020-07-31"
"B03E",4,"ACRU","0-1",7.5,8.7,"2020-07-31"
"B03E",4,"ACRU","0-1",8,9,"2020-07-31"
"B03E",4,"ACRU","0-1",4.3,5.6,"2020-07-31"
"B03E",4,"ACRU","0-1",5,5.6,"2020-07-31"
"B03E",4,"ACRU","0-1",1.8,3.1,"2020-07-31"
"B03E",4,"ACRU","0-1",4,4.7,"2020-07-31"
"B03E",4,"ACRU","0-1",4.6,5.6,"2020-07-31"
"B03E",4,"ACRU","0-1",5.9,8.4,"2020-07-31"
"B03E",4,"ACRU","0-1",2.5,4.1,"2020-07-31"
"B03E",4,"ACRU","0-1",5.1,6,"2020-07-31"
"B03E",4,"ACRU","0-1",4.9,7.1,"2020-07-31"
"B03E",4,"ACRU","0-1",7,7.7,"2020-07-31"
"B03E",4,"ACRU","0-1",7.5,8.2,"2020-07-31"
"B03E",4,"ACRU","0-1",6.1,7.1,"2020-07-31"
"B03E",4,"ACRU","0-1",2.8,3.6,"2020-07-31"
"B03E",4,"ACRU","0-1",4.6,6.2,"2020-07-31"
"B03E",4,"ACRU","0-1",3.7,4,"2020-07-31"
"B03E",4,"ACRU","0-1",7.3,7.6,"2020-07-31"
"B03E",4,"ACRU","0-1",0,6.2,"2020-07-31"
"B03E",4,"ACRU","0-1",10.5,10.9,"2020-07-31"
"B03E",4,"ACRU","0-1",5.8,7.1,"2020-07-31"
"B03E",4,"ACRU","0-1",3.9,6.2,"2020-07-31"
"B03E",4,"ACRU","0-1",3.3,5.4,"2020-07-31"
"B03E",4,"POGR","0-1",0,18,"2020-07-31"
"B03E",4,"ACRU","0-1",5.4,6.4,"2020-07-31"
"B03E",4,"ACRU","0-1",7.3,7.9,"2020-07-31"
"B03E",4,"ACRU","0-1",5.5,6.5,"2020-07-31"
"B03E",4,"ACRU","0-1",10,14,"2020-07-31"
"B03E",4,"FAGR","0-1",38,43.3,"2020-07-31"
"B03E",6,"AMEL","0-1",0,13.3,"2020-07-31"
"B03E",6,"ACRU","0-1",16.9,18,"2020-07-31"
"B03E",6,"ACRU","0-1",3.6,4,"2020-07-31"
"B03E",6,"ACRU","0-1",5.6,6.5,"2020-07-31"
"B03E",6,"ACRU","0-1",5,8.1,"2020-07-31"
"B03E",6,"ACRU","0-1",7.4,9.7,"2020-07-31"
"B03E",6,"ACRU","0-1",12.5,13.1,"2020-07-31"
"B03E",6,"AMEL","0-1",33.2,36.3,"2020-07-31"
"B03E",6,"AMEL","0-1",8,9.1,"2020-07-31"
"B03E",6,"AMEL","0-1",22.9,29.8,"2020-07-31"
"B03E",6,"AMEL","0-1",12,17,"2020-07-31"
"B03E",6,"AMEL","0-1",40.1,43.2,"2020-07-31"
"B03E",6,"ACRU","0-1",6.5,7.3,"2020-07-31"
"B03E",6,"ACRU","0-1",7,7.9,"2020-07-31"
"B03E",6,"ACRU","0-1",3.7,4,"2020-07-31"
"B03E",6,"ACRU","0-1",8.7,10.1,"2020-07-31"
"B03E",6,"ACRU","0-1",9.2,9.9,"2020-07-31"
"B03E",6,"ACRU","0-1",6.5,8.5,"2020-07-31"
"B03E",8,"ACRU","0-1",7.5,8.4,"2020-07-31"
"B03E",8,"ACRU","0-1",5.1,6.5,"2020-07-31"
"B03E",8,"ACRU","0-1",0,7.5,"2020-07-31"
"B03E",8,"ACRU","0-1",12,12.6,"2020-07-31"
"B03E",8,"AMEL","0-1",6.6,7.1,"2020-07-31"
"B03E",8,"ACRU","0-1",5.5,6.7,"2020-07-31"
"B03E",8,"ACRU","0-1",3.5,4.5,"2020-07-31"
"B03E",8,"ACRU","0-1",15.9,16.5,"2020-07-31"
"B03E",8,"ACRU","0-1",12.5,14,"2020-07-31"
"B03E",8,"ACRU","0-1",13.9,14.3,"2020-07-31"
"B03E",8,"ACRU","0-1",16.5,17,"2020-07-31"
"B03E",8,"ACRU","0-1",13.7,14.8,"2020-07-31"
"B03E",8,"ACRU","0-1",4.5,6.2,"2020-07-31"
"B03E",8,"AMEL","0-1",12,12.7,"2020-07-31"
"B03E",8,"ACRU","0-1",4.5,4.8,"2020-07-31"
"B03E",8,"ACRU","0-1",3.5,4.1,"2020-07-31"
"B03E",8,"ACRU","0-1",4.5,6,"2020-07-31"
"B03E",8,"ACRU","0-1",3,3.9,"2020-07-31"
"B03E",8,"ACRU","0-1",5,5.9,"2020-07-31"
"B03E",8,"ACRU","0-1",10,10.8,"2020-07-31"
"B03E",8,"ACRU","0-1",5,6.9,"2020-07-31"
"B03E",8,"ACRU","0-1",3.5,4.8,"2020-07-31"
"B03E",8,"ACRU","0-1",4.5,6.2,"2020-07-31"
"B03E",8,"ACRU","0-1",7.5,7.7,"2020-07-31"
"B03E",8,"AMEL","0-1",2.8,5.4,"2020-07-31"
"B03E",8,"ACRU","0-1",15.5,16.8,"2020-07-31"
"B03E",8,"ACRU","0-1",17.5,18.4,"2020-07-31"
"B03E",8,"ACRU","0-1",3,3.6,"2020-07-31"
"B03W",2,"ACRU","0-1",4.8,5.6,"2020-07-31"
"B03W",2,"AMEL","0-1",12.4,13.2,"2020-07-31"
"B03W",2,"ACRU","0-1",0,5.6,"2020-07-31"
"B03W",2,"ACRU","0-1",2.9,3.6,"2020-07-31"
"B03W",2,"ACRU","0-1",0,5.3,"2020-07-31"
"B03W",2,"ACRU","0-1",0,4.6,"2020-07-31"
"B03W",2,"ACRU","0-1",0,6.7,"2020-07-31"
"B03W",2,"ACRU","0-1",0,4.7,"2020-07-31"
"B03W",2,"ACRU","0-1",8.5,9.5,"2020-07-31"
"B03W",4,"ACRU","0-1",3.9,4.3,"2020-07-31"
"B03W",4,"ACRU","0-1",4,7.1,"2020-07-31"
"B03W",6,"ACRU","0-1",7.3,11.1,"2020-07-31"
"B03W",6,"ACRU","0-1",15.5,16.5,"2020-07-31"
"B03W",6,"ACRU","0-1",6.7,9.3,"2020-07-31"
"B03W",6,"QURU","0-1",6.7,9.9,"2020-07-31"
"B03W",6,"QURU","0-1",18,20.9,"2020-07-31"
"B03W",6,"ACRU","0-1",13.2,20,"2020-07-31"
"B03W",6,"ACPE","0-1",8.5,13,"2020-07-31"
"B03W",6,"ACRU","0-1",10,17.5,"2020-07-31"
"B03W",6,"ACRU","0-1",8,15.3,"2020-07-31"
"B03W",6,"ACRU","0-1",15.7,21.1,"2020-07-31"
"B03W",6,"ACRU","0-1",10,23.7,"2020-07-31"
"B03W",6,"ACRU","0-1",11.9,13.2,"2020-07-31"
"B03W",6,"ACRU","0-1",16,19.8,"2020-07-31"
"B03W",6,"ACRU","0-1",5,5.3,"2020-07-31"
"B03W",6,"ACRU","0-1",5.9,8,"2020-07-31"
"B03W",6,"ACRU","0-1",9.6,11.2,"2020-07-31"
"B03W",6,"ACRU","0-1",6.5,9.4,"2020-07-31"
"B03W",6,"ACRU","0-1",5.8,9.4,"2020-07-31"
"B03W",6,"ACRU","0-1",7.3,9,"2020-07-31"
"B03W",6,"ACRU","0-1",0,5.5,"2020-07-31"
"B03W",6,"ACRU","0-1",3.3,7.4,"2020-07-31"
"B03W",6,"ACRU","0-1",9,19.6,"2020-07-31"
"B03W",6,"ACRU","0-1",11.3,13.9,"2020-07-31"
"B03W",6,"ACRU","0-1",6.7,12,"2020-07-31"
"B03W",6,"ACRU","0-1",8,12.1,"2020-07-31"
"B03W",6,"ACRU","0-1",5.5,6.9,"2020-07-31"
"B03W",6,"ACRU","0-1",3.8,7.9,"2020-07-31"
"B03W",6,"ACRU","0-1",10,11.1,"2020-07-31"
"B03W",6,"ACRU","0-1",3,7.1,"2020-07-31"
"B03W",6,"ACRU","0-1",3.8,8.3,"2020-07-31"
"B03W",6,"ACRU","0-1",5.5,7.6,"2020-07-31"
"B03W",6,"ACRU","0-1",3.2,5.9,"2020-07-31"
"B03W",6,"ACRU","0-1",9.5,11.7,"2020-07-31"
"B03W",6,"ACRU","0-1",9.3,10.7,"2020-07-31"
"B03W",6,"ACRU","0-1",5.2,6.4,"2020-07-31"
"B03W",6,"ACRU","0-1",5.9,6.3,"2020-07-31"
"B03W",6,"ACRU","0-1",0,5.7,"2020-07-31"
"B03W",6,"ACRU","0-1",3.2,6.1,"2020-07-31"
"B03W",6,"ACRU","0-1",3,5.8,"2020-07-31"
"B03W",6,"ACRU","0-1",6.9,9.5,"2020-07-31"
"B03W",6,"ACRU","0-1",4,6.9,"2020-07-31"
"B03W",6,"ACRU","0-1",2.5,5.1,"2020-07-31"
"B03W",6,"ACRU","0-1",4.5,8.3,"2020-07-31"
"B03W",6,"ACRU","0-1",4.9,7.5,"2020-07-31"
"B03W",6,"ACRU","0-1",6.6,9.7,"2020-07-31"
"B03W",6,"ACRU","0-1",7.5,10.9,"2020-07-31"
"B03W",6,"ACRU","0-1",12.7,17.6,"2020-07-31"
"B03W",6,"ACRU","0-1",8.9,12.9,"2020-07-31"
"B03W",6,"ACRU","0-1",8.7,14.5,"2020-07-31"
"B03W",6,"ACRU","0-1",5.5,8.7,"2020-07-31"
"B03W",6,"ACRU","0-1",5.5,7.3,"2020-07-31"
"B03W",6,"ACRU","0-1",4.5,10,"2020-07-31"
"B03W",6,"ACRU","0-1",4.6,12.4,"2020-07-31"
"B03W",6,"ACRU","0-1",0,6.1,"2020-07-31"
"B03W",8,"FAGR","2-Jan",139.6,164.3,"2020-07-31"
"B03W",8,"ACRU","0-1",11.9,13.3,"2020-07-31"
"B03W",8,"ACRU","0-1",13.3,14.1,"2020-07-31"
"B03W",8,"ACRU","0-1",3.5,4.4,"2020-07-31"
"B03W",8,"ACRU","0-1",1.5,4,"2020-07-31"
"B03W",8,"ACRU","0-1",14.8,15.4,"2020-07-31"
"B03W",8,"ACRU","0-1",7,7.6,"2020-07-31"
"B03W",8,"VBAC","0-1",15,15.5,"2020-07-31"
"B03W",8,"VBAC","0-1",0,13.4,"2020-07-31"
"B03W",8,"VBAC","0-1",18,18.6,"2020-07-31"
"B03W",8,"ACRU","0-1",3.5,4.7,"2020-07-31"
"B03W",8,"VBAC","0-1",10.5,11.3,"2020-07-31"
"B03W",8,"VBAC","0-1",10.1,11.5,"2020-07-31"
"B03W",8,"ACRU","0-1",7.4,8.3,"2020-07-31"
"B03W",8,"POGR","0-1",0,7.5,"2020-07-31"
"B03W",8,"ACRU","0-1",3.5,5.1,"2020-07-31"
"B03W",8,"ACRU","0-1",5.1,6.8,"2020-07-31"
"B03W",8,"ACRU","0-1",3.5,6.3,"2020-07-31"
"B03W",8,"ACRU","0-1",11,11.7,"2020-07-31"
"B03W",8,"ACRU","0-1",12.5,12.7,"2020-07-31"
"B03W",8,"ACRU","0-1",11.3,11.5,"2020-07-31"
"B03W",8,"QURU","0-1",10.5,12.3,"2020-07-31"
"B03W",8,"QURU","0-1",16.5,16.8,"2020-07-31"
"B03W",8,"ACRU","0-1",6.5,7.6,"2020-07-31"
"B03W",8,"ACRU","0-1",0,4.3,"2020-07-31"
"B03W",8,"ACRU","0-1",4.3,4.9,"2020-07-31"
"B03W",8,"ACRU","0-1",4.5,5.7,"2020-07-31"
"B03W",8,"ACRU","0-1",7.3,7.8,"2020-07-31"
"B03W",8,"ACRU","0-1",24.9,25.7,"2020-07-31"
"B03W",8,"ACRU","0-1",4.3,5.6,"2020-07-31"
"B03W",8,"ACRU","0-1",5.5,6.1,"2020-07-31"
"B03W",8,"ACRU","0-1",2.9,3.6,"2020-07-31"
"B03W",8,"ACRU","0-1",3.5,4.9,"2020-07-31"
"B03W",8,"ACRU","0-1",5.3,6.6,"2020-07-31"
"B03W",8,"ACRU","0-1",8.5,8.7,"2020-07-31"
"B03W",8,"VBAC","0-1",0,15.1,"2020-07-31"
"B03W",8,"VBAC","0-1",6.5,10,"2020-07-31"
"B03W",8,"ACRU","0-1",7.3,7.7,"2020-07-31"
"B03W",8,"ACRU","0-1",5.5,6.5,"2020-07-31"
"B03W",8,"AMEL","0-1",26.9,27.6,"2020-07-31"
"B03W",8,"ACRU","0-1",16,16.7,"2020-07-31"
"B03W",8,"ACRU","0-1",14.5,15,"2020-07-31"
"B03W",8,"AMEL","0-1",13.5,19,"2020-07-31"
"B03W",8,"ACRU","0-1",7,7.8,"2020-07-31"
"B03W",8,"ACRU","0-1",6,7,"2020-07-31"
"B03W",8,"VBAC","0-1",14.8,16.3,"2020-07-31"
"B03W",8,"AMEL","0-1",20.4,21.3,"2020-07-31"
"B03W",8,"ACRU","0-1",8.3,10.1,"2020-07-31"
"B03W",8,"ACRU","0-1",13,14.9,"2020-07-31"
"B03W",8,"ACRU","0-1",6.9,8.5,"2020-07-31"
"B03W",8,"ACPE","2-Jan",106.9,124.7,"2020-07-31"
"B01E",2,"AMEL","0-1",30.2,30.7,"2020-07-31"
"B01E",2,"ACRU","0-1",11,11.5,"2020-07-31"
"B01E",2,"AMEL","0-1",30.1,30.4,"2020-07-31"
"B01E",2,"ACRU","0-1",7,7.8,"2020-07-31"
"B01E",2,"AMEL","0-1",16.7,22,"2020-07-31"
"B01E",2,"ACRU","0-1",3.7,3.9,"2020-07-31"
"B01E",2,"ACRU","0-1",7.5,8.4,"2020-07-31"
"B01E",2,"ACRU","0-1",7.8,8.5,"2020-07-31"
"B01E",2,"ACRU","0-1",9.2,9.8,"2020-07-31"
"B01E",2,"ACRU","0-1",9.7,9.9,"2020-07-31"
"B01E",2,"ACRU","0-1",10.6,11.1,"2020-07-31"
"B01E",2,"ACRU","0-1",15.8,16.5,"2020-07-31"
"B01E",2,"ACRU","0-1",15.7,16.2,"2020-07-31"
"B01E",2,"ACRU","0-1",5,5.5,"2020-07-31"
"B01E",2,"ACRU","0-1",5.6,5.9,"2020-07-31"
"B01E",2,"AMEL","0-1",40.1,40.4,"2020-07-31"
"B01E",2,"ACRU","0-1",12.7,14,"2020-07-31"
"B01E",2,"AMEL","0-1",8,10,"2020-07-31"
"B01E",2,"ACRU","0-1",5,6.9,"2020-07-31"
"B01E",2,"ACRU","0-1",6.9,8.5,"2020-07-31"
"B01E",2,"ACRU","0-1",4,4.7,"2020-07-31"
"B01E",2,"ACRU","0-1",9.9,10.7,"2020-07-31"
"B01E",2,"ACRU","0-1",5.5,16,"2020-07-31"
"B01E",2,"ACRU","0-1",12.1,13.1,"2020-07-31"
"B01E",2,"ACRU","0-1",16,17,"2020-07-31"
"B01E",2,"ACRU","0-1",2.6,5.4,"2020-07-31"
"B01E",2,"ACRU","0-1",5.8,6.6,"2020-07-31"
"B01E",2,"AMEL","0-1",50.4,50.5,"2020-07-31"
"B01E",2,"AMEL","0-1",19,25.6,"2020-07-31"
"B01E",2,"AMEL","0-1",29.4,30.4,"2020-07-31"
"B01E",2,"AMEL","0-1",30.5,30.3,"2020-07-31"
"B01E",2,"AMEL","0-1",22,22.6,"2020-07-31"
"B01E",2,"AMEL","0-1",14.7,16.8,"2020-07-31"
"B01E",2,"ACRU","0-1",4.5,5.2,"2020-07-31"
"B01E",2,"ACRU","0-1",6.6,7.5,"2020-07-31"
"B01E",4,"ACRU","0-1",4.5,5,"2020-07-31"
"B01E",4,"ACRU","0-1",2,5.5,"2020-07-31"
"B01E",4,"ACRU","0-1",9.1,9.9,"2020-07-31"
"B01E",4,"ACRU","0-1",9,11.1,"2020-07-31"
"B01E",4,"ACRU","0-1",0,4,"2020-07-31"
"B01E",4,"QURU","0-1",14.5,15.5,"2020-07-31"
"B01E",4,"ACRU","0-1",19,19.8,"2020-07-31"
"B01E",4,"ACRU","0-1",6.1,7.2,"2020-07-31"
"B01E",4,"ACRU","0-1",17.1,17.7,"2020-07-31"
"B01E",4,"ACRU","0-1",0,3.8,"2020-07-31"
"B01E",4,"ACRU","0-1",12.3,15.4,"2020-07-31"
"B01E",4,"ACRU","0-1",4,4.9,"2020-07-31"
"B01E",4,"ACRU","0-1",6.6,7,"2020-07-31"
"B01E",4,"ACRU","0-1",5.5,6,"2020-07-31"
"B01E",4,"ACRU","0-1",4.1,5.1,"2020-07-31"
"B01E",4,"ACRU","0-1",6.1,6.8,"2020-07-31"
"B01E",4,"ACRU","0-1",6.9,9.1,"2020-07-31"
"B01E",4,"ACRU","0-1",7.3,7.4,"2020-07-31"
"B01E",4,"ACRU","0-1",9.4,9.8,"2020-07-31"
"B01E",4,"ACRU","0-1",4.5,5.1,"2020-07-31"
"B01E",4,"ACRU","0-1",6.5,7.9,"2020-07-31"
"B01E",4,"ACRU","0-1",5,5.1,"2020-07-31"
"B01E",4,"ACRU","0-1",6.6,8.8,"2020-07-31"
"B01E",4,"ACRU","0-1",38,38.8,"2020-07-31"
"B01E",4,"QURU","0-1",10.2,11.4,"2020-07-31"
"B01E",4,"ACRU","0-1",8.1,9.6,"2020-07-31"
"B01E",4,"ACRU","0-1",4.5,5.3,"2020-07-31"
"B01E",4,"ACRU","0-1",6.3,6.8,"2020-07-31"
"B01E",4,"AMEL","0-1",0,26,"2020-07-31"
"B01E",4,"AMEL","0-1",92.9,95.8,"2020-07-31"
"B01E",4,"AMEL","0-1",60.5,64.6,"2020-07-31"
"B01E",4,"ACRU","0-1",14.9,15.2,"2020-07-31"
"B01E",4,"ACRU","0-1",7.5,8.3,"2020-07-31"
"B01E",4,"ACRU","0-1",10,11.8,"2020-07-31"
"B01E",4,"ACRU","0-1",0,5.3,"2020-07-31"
"B01E",4,"ACRU","0-1",3.5,4.9,"2020-07-31"
"B01E",4,"ACRU","0-1",9,10.5,"2020-07-31"
"B01E",4,"AMEL","0-1",47.2,88.3,"2020-07-31"
"B01E",6,"ACRU","0-1",5,5.8,"2020-07-31"
"B01E",6,"ACRU","0-1",0,3.5,"2020-07-31"
"B01E",6,"ACRU","0-1",3.7,4.5,"2020-07-31"
"B01E",6,"ACRU","0-1",7.1,8,"2020-07-31"
"B01E",6,"ACRU","0-1",6.1,6.5,"2020-07-31"
"B01E",6,"AMEL","0-1",9.5,11.4,"2020-07-31"
"B01E",6,"VBAC","0-1",15,16.9,"2020-07-31"
"B01E",6,"VBAC","0-1",7,8.5,"2020-07-31"
"B01E",6,"VBAC","0-1",7.5,8.6,"2020-07-31"
"B01E",6,"ACRU","0-1",0,4.4,"2020-07-31"
"B01E",6,"ACRU","0-1",8.1,8.7,"2020-07-31"
"B01E",6,"ACRU","0-1",5.7,6.1,"2020-07-31"
"B01E",6,"ACRU","0-1",4,4.6,"2020-07-31"
"B01E",8,"ACRU","0-1",13,14.9,"2020-07-31"
"B01E",8,"ACRU","0-1",9,10.1,"2020-07-31"
"B01E",8,"ACRU","0-1",14.3,15.7,"2020-07-31"
"B01E",8,"ACRU","0-1",16.6,17.2,"2020-07-31"
"B01E",8,"ACRU","0-1",13,13.8,"2020-07-31"
"B01E",8,"ACRU","0-1",8.5,9.9,"2020-07-31"
"B01E",8,"QURU","0-1",15.6,16.3,"2020-07-31"
"B01E",8,"ACRU","0-1",15.1,15.9,"2020-07-31"
"B01E",8,"ACRU","0-1",10.4,10.8,"2020-07-31"
"B01E",8,"ACRU","0-1",13.1,13.2,"2020-07-31"
"B01E",8,"ACRU","0-1",13.9,14.1,"2020-07-31"
"B01E",8,"ACRU","0-1",9.9,10.3,"2020-07-31"
"B01E",8,"ACRU","0-1",3,3,"2020-07-31"
"B01E",8,"ACRU","0-1",8.2,8.8,"2020-07-31"
"B01E",8,"ACRU","0-1",7.6,7.8,"2020-07-31"
"B01E",8,"ACRU","0-1",10.1,10.5,"2020-07-31"
"B01E",8,"ACRU","0-1",10.6,11.1,"2020-07-31"
"B01E",8,"ACRU","0-1",5,5.5,"2020-07-31"
"B01E",8,"ACRU","0-1",5,5.1,"2020-07-31"
"B01E",8,"ACRU","0-1",6.6,7.4,"2020-07-31"
"B01E",8,"QURU","0-1",3,10.6,"2020-07-31"
"B01E",8,"ACRU","0-1",14.5,14.8,"2020-07-31"
"B01E",8,"ACRU","0-1",6.5,6.7,"2020-07-31"
"B01E",8,"ACRU","0-1",5.5,5.8,"2020-07-31"
"B01E",8,"ACRU","0-1",10.5,10.8,"2020-07-31"
"B01E",8,"FAGR","3-Feb",211.6,246.7,"2020-07-31"
"B01W",2,"ACRU","0-1",4.5,5.1,"2020-07-31"
"B01W",2,"ACRU","0-1",3.9,4.8,"2020-07-31"
"B01W",2,"ACRU","0-1",3.6,4.7,"2020-07-31"
"B01W",2,"ACRU","0-1",5,5.6,"2020-07-31"
"B01W",2,"ACRU","0-1",2.5,2.8,"2020-07-31"
"B01W",2,"ACRU","0-1",5.9,6.1,"2020-07-31"
"B01W",2,"ACRU","0-1",7.3,7.5,"2020-07-31"
"B01W",2,"ACRU","0-1",4.5,5,"2020-07-31"
"B01W",2,"ACRU","0-1",4,4.3,"2020-07-31"
"B01W",2,"ACRU","0-1",6,6.2,"2020-07-31"
"B01W",2,"FAGR","0-1",64,65.8,"2020-07-31"
"B01W",2,"ACRU","0-1",9,9.7,"2020-07-31"
"B01W",2,"ACRU","0-1",11.3,11.6,"2020-07-31"
"B01W",2,"ACRU","0-1",4.3,4.8,"2020-07-31"
"B01W",2,"ACRU","0-1",4.3,4.9,"2020-07-31"
"B01W",2,"ACRU","0-1",5.5,6.6,"2020-07-31"
"B01W",2,"ACRU","0-1",3.5,3.9,"2020-07-31"
"B01W",2,"ACRU","0-1",2.5,3.4,"2020-07-31"
"B01W",2,"ACRU","0-1",3.4,4.2,"2020-07-31"
"B01W",2,"ACRU","0-1",7,7.7,"2020-07-31"
"B01W",2,"ACRU","0-1",5.6,6.4,"2020-07-31"
"B01W",2,"ACRU","0-1",10.7,11.1,"2020-07-31"
"B01W",2,"ACRU","0-1",6.7,7.1,"2020-07-31"
"B01W",2,"ACRU","0-1",8.3,8.5,"2020-07-31"
"B01W",2,"ACRU","0-1",4.5,4.7,"2020-07-31"
"B01W",2,"ACRU","0-1",13,13.9,"2020-07-31"
"B01W",2,"FAGR","0-1",27.1,27.9,"2020-07-31"
"B01W",2,"ACPE","2-Jan",152,160.7,"2020-07-31"
"B01W",4,"ACRU","0-1",9.3,9.6,"2020-07-31"
"B01W",4,"ACRU","0-1",10.5,11.3,"2020-07-31"
"B01W",4,"ACRU","0-1",8.5,9.1,"2020-07-31"
"B01W",4,"AMEL","0-1",12.5,13.7,"2020-07-31"
"B01W",4,"ACRU","0-1",7.3,7.7,"2020-07-31"
"B01W",4,"ACRU","0-1",12.7,13.2,"2020-07-31"
"B01W",4,"ACPE","0-1",79.8,90.1,"2020-07-31"
"B01W",4,"FAGR","2-Jan",134.9,138.4,"2020-07-31"
"B01W",4,"ACRU","0-1",10.3,11.1,"2020-07-31"
"B01W",4,"FAGR","2-Jan",80.8,90.1,"2020-07-31"
"B01W",6,"AMEL","0-1",21,21.2,"2020-07-31"
"B01W",6,"AMEL","0-1",13,13.8,"2020-07-31"
"B01W",6,"AMEL","0-1",34.1,34.6,"2020-07-31"
"B01W",6,"ACPE","0-1",16.3,17.6,"2020-07-31"
"B01W",6,"ACRU","0-1",6.1,6.3,"2020-07-31"
"B01W",6,"ACRU","0-1",0,3.8,"2020-07-31"
"B01W",6,"ACPE","0-1",21,22.8,"2020-07-31"
"B01W",6,"ACPE","0-1",38.4,38.9,"2020-07-31"
"B01W",6,"FAGR","2-Jan",342.5,343.2,"2020-07-31"
"B01W",6,"ACPE","0-1",133.5,134.4,"2020-07-31"
"B01W",6,"FAGR","2-Jan",149.5,152.9,"2020-07-31"
"B01W",8,"ACRU","0-1",6.3,6.5,"2020-07-31"
"B01W",8,"ACRU","0-1",3.5,3.9,"2020-07-31"
"B01W",8,"ACRU","0-1",3.1,3.8,"2020-07-31"
"B01W",8,"ACRU","0-1",0,3.5,"2020-07-31"
"B01W",8,"ACRU","0-1",0,1.5,"2020-07-31"
"B01W",8,"ACRU","0-1",2,2.8,"2020-07-31"
"B01W",8,"FAGR","0-1",36.1,39.4,"2020-07-31"
"B01W",8,"ACPE","2-Jan",121.4,122.1,"2020-07-31"
"B01W",8,"FAGR","0-1",19.5,20.7,"2020-07-31"
"B02E",2,"VBAC","0-1",10.1,13.4,"2020-07-31"
"B02E",2,"VBAC","0-1",13.9,15.3,"2020-07-31"
"B02E",2,"VBAC","0-1",14,15.4,"2020-07-31"
"B02E",2,"VBAC","0-1",22.5,23.2,"2020-07-31"
"B02E",2,"ACRU","0-1",9.9,10.4,"2020-07-31"
"B02E",2,"ACRU","0-1",6,6.6,"2020-07-31"
"B02E",2,"ACRU","0-1",6.6,7,"2020-07-31"
"B02E",2,"VBAC","0-1",9.5,11.5,"2020-07-31"
"B02E",2,"VBAC","0-1",15.2,16.4,"2020-07-31"
"B02E",2,"ACRU","0-1",8,8.4,"2020-07-31"
"B02E",2,"AMEL","0-1",17.5,22.4,"2020-07-31"
"B02E",2,"VBAC","0-1",8,8.9,"2020-07-31"
"B02E",2,"FAGR","0-1",30.5,33.8,"2020-07-31"
"B02E",2,"VBAC","0-1",10.7,14.2,"2020-07-31"
"B02E",2,"ACRU","0-1",5.3,6.1,"2020-07-31"
"B02E",2,"VBAC","0-1",8.9,10.2,"2020-07-31"
"B02E",2,"ACRU","0-1",6.7,7.4,"2020-07-31"
"B02E",2,"ACRU","0-1",3.6,4.9,"2020-07-31"
"B02E",2,"VBAC","0-1",12,14.4,"2020-07-31"
"B02E",2,"ACRU","0-1",14.5,16.9,"2020-07-31"
"B02E",2,"FAGR","0-1",30.5,51.4,"2020-07-31"
"B02E",2,"FAGR","0-1",34,66,"2020-07-31"
"B02E",2,"ACRU","0-1",6.9,8.1,"2020-07-31"
"B02E",2,"ACRU","0-1",8,9,"2020-07-31"
"B02E",2,"AMEL","0-1",17.4,22.3,"2020-07-31"
"B02E",4,"ACRU","0-1",0,4.4,"2020-07-31"
"B02E",4,"VBAC","0-1",13.7,16,"2020-07-31"
"B02E",4,"ACRU","0-1",4,4.9,"2020-07-31"
"B02E",4,"ACRU","0-1",7.1,7.5,"2020-07-31"
"B02E",4,"ACRU","0-1",4.9,5.4,"2020-07-31"
"B02E",4,"ACRU","0-1",5.7,5.9,"2020-07-31"
"B02E",4,"ACRU","0-1",3.8,4,"2020-07-31"
"B02E",4,"ACRU","0-1",4.6,5.1,"2020-07-31"
"B02E",4,"ACRU","0-1",3.5,4.3,"2020-07-31"
"B02E",4,"ACRU","0-1",3.6,5,"2020-07-31"
"B02E",4,"ACRU","0-1",4,5.1,"2020-07-31"
"B02E",4,"ACRU","0-1",2.3,4.1,"2020-07-31"
"B02E",4,"ACRU","0-1",4.9,5.3,"2020-07-31"
"B02E",4,"VBAC","0-1",6,8,"2020-07-31"
"B02E",4,"ACRU","0-1",10.1,10.5,"2020-07-31"
"B02E",4,"ACRU","0-1",5.9,6.4,"2020-07-31"
"B02E",4,"VBAC","0-1",5,5.3,"2020-07-31"
"B02E",4,"ACRU","0-1",6,6.4,"2020-07-31"
"B02E",4,"ACRU","0-1",4.1,4.6,"2020-07-31"
"B02E",4,"VBAC","0-1",0,8.3,"2020-07-31"
"B02E",4,"VBAC","0-1",2.7,5.4,"2020-07-31"
"B02E",4,"VBAC","0-1",15.4,16.9,"2020-07-31"
"B02E",4,"ACRU","0-1",0,5.3,"2020-07-31"
"B02E",4,"ACRU","0-1",0,5.5,"2020-07-31"
"B02E",4,"ACRU","0-1",9.1,9.7,"2020-07-31"
"B02E",6,"ACRU","0-1",7.5,8.7,"2020-07-31"
"B02E",6,"ACRU","0-1",7.6,8.9,"2020-07-31"
"B02E",6,"ACRU","0-1",0,3.5,"2020-07-31"
"B02E",6,"ACRU","0-1",2.9,3.6,"2020-07-31"
"B02E",6,"ACRU","0-1",7,7.6,"2020-07-31"
"B02E",6,"ACRU","0-1",9.1,9.7,"2020-07-31"
"B02E",6,"ACRU","0-1",4,5.3,"2020-07-31"
"B02E",6,"ACRU","0-1",7.6,7.8,"2020-07-31"
"B02E",6,"ACRU","0-1",2.6,3.2,"2020-07-31"
"B02E",6,"ACRU","0-1",4.5,5.4,"2020-07-31"
"B02E",6,"ACRU","0-1",9.3,10.4,"2020-07-31"
"B02E",6,"ACRU","0-1",7,7.6,"2020-07-31"
"B02E",6,"ACRU","0-1",5.5,6,"2020-07-31"
"B02E",6,"ACRU","0-1",7,7.3,"2020-07-31"
"B02E",6,"ACRU","0-1",6,6.9,"2020-07-31"
"B02E",6,"ACRU","0-1",0,3.9,"2020-07-31"
"B02E",6,"ACRU","0-1",5,6.1,"2020-07-31"
"B02E",6,"ACRU","0-1",5.2,5.7,"2020-07-31"
"B02E",6,"ACRU","0-1",6.1,7.3,"2020-07-31"
"B02E",6,"ACRU","0-1",4.5,4.9,"2020-07-31"
"B02E",6,"FAGR","0-1",18.7,32.1,"2020-07-31"
"B02E",6,"FAGR","0-1",46.1,65.5,"2020-07-31"
"B02E",8,"ACRU","0-1",8.3,8.9,"2020-07-31"
"B02E",8,"ACRU","0-1",0,4.3,"2020-07-31"
"B02E",8,"ACRU","0-1",2.8,3.6,"2020-07-31"
"B02E",8,"ACPE","0-1",15.1,23.7,"2020-07-31"
"B02E",8,"ACPE","0-1",35.1,40.8,"2020-07-31"
"B02E",8,"ACPE","0-1",38.2,41.4,"2020-07-31"
"B02E",8,"ACPE","0-1",36,43.9,"2020-07-31"
"B02W",2,"ACRU","0-1",10.5,11.1,"2020-07-31"
"B02W",2,"ACRU","0-1",10.2,11.3,"2020-07-31"
"B02W",2,"ACRU","0-1",2.5,5.1,"2020-07-31"
"B02W",2,"ACRU","0-1",5.5,6,"2020-07-31"
"B02W",2,"ACRU","0-1",6.3,6.5,"2020-07-31"
"B02W",2,"ACRU","0-1",5,9.9,"2020-07-31"
"B02W",2,"ACRU","0-1",13.3,16.1,"2020-07-31"
"B02W",4,"ACRU","0-1",15.4,16.9,"2020-07-31"
"B02W",4,"ACRU","0-1",9.6,10.2,"2020-07-31"
"B02W",4,"ACRU","0-1",16.8,17,"2020-07-31"
"B02W",4,"ACRU","0-1",21.7,22.7,"2020-07-31"
"B02W",4,"FAGR","0-1",24.9,28.2,"2020-07-31"
"B02W",4,"ACRU","0-1",17,17.7,"2020-07-31"
"B02W",4,"ACRU","0-1",13.5,14.9,"2020-07-31"
"B02W",4,"ACRU","0-1",11.7,12,"2020-07-31"
"B02W",4,"ACRU","0-1",0,3.6,"2020-07-31"
"B02W",4,"ACRU","0-1",21.3,21.6,"2020-07-31"
"B02W",4,"ACPE","0-1",22.2,24.9,"2020-07-31"
"B02W",4,"ACRU","0-1",16.9,17.3,"2020-07-31"
"B02W",4,"ACRU","0-1",14,14.9,"2020-07-31"
"B02W",4,"ACRU","0-1",0,3.7,"2020-07-31"
"B02W",4,"ACRU","0-1",0,5.3,"2020-07-31"
"B02W",4,"ACPE","2-Jan",120.2,172.4,"2020-07-31"
"B02W",4,"ACPE","2-Jan",107.1,119.8,"2020-07-31"
"B02W",6,"ACRU","0-1",9,9.6,"2020-07-31"
"B02W",6,"ACRU","0-1",7.3,7.5,"2020-07-31"
"B02W",6,"ACRU","0-1",8.9,9.1,"2020-07-31"
"B02W",6,"ACRU","0-1",5.7,7.5,"2020-07-31"
"B02W",6,"ACRU","0-1",0,4.3,"2020-07-31"
"B02W",6,"ACRU","0-1",5.4,6,"2020-07-31"
"B02W",6,"FAGR","2-Jan",86.1,103.5,"2020-07-31"
"B02W",6,"ACRU","0-1",11.5,13.1,"2020-07-31"
"B02W",6,"ACRU","0-1",5,5.2,"2020-07-31"
"B02W",6,"ACRU","0-1",8.3,8.6,"2020-07-31"
"B02W",6,"ACRU","0-1",4.5,4.7,"2020-07-31"
"B02W",6,"ACRU","0-1",6.9,7.5,"2020-07-31"
"A03E",6,"ACRU","0-1",7,7.3,"2020-08-04"
"A03E",6,"ACRU","0-1",7.4,9,"2020-08-04"
"A03E",6,"ACPE","0-1",10,11.2,"2020-08-04"
"A03E",6,"ACPE","0-1",10.6,11.4,"2020-08-04"
"A03E",6,"ACRU","0-1",6.5,7.6,"2020-08-04"
"A03E",6,"ACPE","0-1",5.6,8.2,"2020-08-04"
"A03E",6,"ACRU","0-1",3.5,4.6,"2020-08-04"
"A03E",6,"ACPE","0-1",4.6,6,"2020-08-04"
"A03E",6,"ACPE","0-1",18.5,19.7,"2020-08-04"
"A03E",6,"ACPE","0-1",60.2,66.3,"2020-08-04"
"A03E",6,"FAGR","0-1",26.1,27.7,"2020-08-04"
"A03E",6,"ACPE","0-1",2.7,6.3,"2020-08-04"
"A03E",6,"ACRU","0-1",0,5,"2020-08-04"
"A03E",6,"ACPE","0-1",0,5.9,"2020-08-04"
"A03E",6,"ACRU","0-1",5.4,6.4,"2020-08-04"
"A03E",6,"ACRU","0-1",13.5,14.1,"2020-08-04"
"A03E",6,"ACRU","0-1",0,3.6,"2020-08-04"
"A03E",6,"ACRU","0-1",10.6,11.2,"2020-08-04"
"A03E",6,"ACRU","0-1",6.7,7,"2020-08-04"
"A03E",6,"ACRU","0-1",7.9,8.4,"2020-08-04"
"A03E",6,"ACRU","0-1",6.2,7.1,"2020-08-04"
"A03E",6,"ACRU","0-1",5.6,6.4,"2020-08-04"
"A03E",6,"ACRU","0-1",6.3,6.4,"2020-08-04"
"A03E",6,"ACSA","0-1",9.8,10.2,"2020-08-04"
"A03E",6,"ACPE","0-1",9,9.5,"2020-08-04"
"A03E",6,"ACPE","0-1",0,7.4,"2020-08-04"
"A03E",6,"ACPE","0-1",12,13.2,"2020-08-04"
"A03E",6,"ACPE","0-1",0,6.1,"2020-08-04"
"A03E",6,"ACRU","0-1",8.5,9.6,"2020-08-04"
"A03E",6,"ACRU","0-1",7.6,8.1,"2020-08-04"
"A03E",6,"ACRU","0-1",5.1,5.8,"2020-08-04"
"A03E",6,"AMEL","0-1",27.3,27.9,"2020-08-04"
"A03E",6,"ACPE","0-1",14.1,14.7,"2020-08-04"
"A03E",6,"ACRU","0-1",6.5,6.9,"2020-08-04"
"A03E",6,"ACRU","0-1",6.6,7.5,"2020-08-04"
"A03E",6,"FAGR","0-1",19.5,30,"2020-08-04"
"A03E",6,"ACRU","0-1",12,12.3,"2020-08-04"
"A03E",6,"AMEL","0-1",7.3,10.6,"2020-08-04"
"A03E",6,"AMEL","0-1",23,23.1,"2020-08-04"
"A03E",8,"ACRU","0-1",7.9,8.1,"2020-08-04"
"A03E",8,"ACSA","0-1",12.1,12.6,"2020-08-04"
"A03E",8,"ACSA","0-1",13,13.4,"2020-08-04"
"A03E",8,"ACSA","0-1",12.1,12.4,"2020-08-04"
"A03E",8,"ACSA","0-1",11.1,11.3,"2020-08-04"
"A03E",8,"ACSA","0-1",10.5,11.1,"2020-08-04"
"A03E",8,"ACRU","0-1",6.6,7,"2020-08-04"
"A03E",8,"ACRU","0-1",15.7,16.9,"2020-08-04"
"A03E",8,"ACRU","0-1",7.6,8,"2020-08-04"
"A03E",8,"ACPE","0-1",4.6,6.1,"2020-08-04"
"A03E",8,"ACRU","0-1",4.5,6.1,"2020-08-04"
"A03E",8,"ACRU","0-1",8.2,8.4,"2020-08-04"
"A03E",8,"ACRU","0-1",7,7.3,"2020-08-04"
"A03E",8,"ACRU","0-1",0,6.2,"2020-08-04"
"A03E",8,"ACPE","0-1",0,5.6,"2020-08-04"
"A03E",8,"ACPE","0-1",6,9.1,"2020-08-04"
"A03E",8,"FAGR","2-Jan",104.5,105.9,"2020-08-04"
"A03E",8,"FAGR","2-Jan",92.2,102.5,"2020-08-04"
"A03E",2,"ACRU","0-1",8.4,9.6,"2020-08-04"
"A03E",2,"ACRU","0-1",10.7,11.6,"2020-08-04"
"A03E",2,"ACRU","0-1",5.4,6.4,"2020-08-04"
"A03E",2,"FAGR","0-1",40.3,45.2,"2020-08-04"
"A03E",2,"ACSA","0-1",13.7,15.1,"2020-08-04"
"A03E",2,"ACPE","0-1",11,12.1,"2020-08-04"
"A03E",2,"ACRU","0-1",11,11.6,"2020-08-04"
"A03E",2,"ACSA","0-1",11.5,12.3,"2020-08-04"
"A03E",2,"ACRU","0-1",10.6,11.4,"2020-08-04"
"A03E",2,"ACRU","0-1",5.9,7.7,"2020-08-04"
"A03E",2,"ACSA","0-1",13.9,15.3,"2020-08-04"
"A03E",2,"ACRU","0-1",0,7.3,"2020-08-04"
"A03E",2,"ACSA","0-1",10.6,11.6,"2020-08-04"
"A03E",2,"ACPE","0-1",11.6,13.9,"2020-08-04"
"A03E",2,"ACSA","0-1",13.5,13.8,"2020-08-04"
"A03E",2,"ACSA","0-1",3.5,5.7,"2020-08-04"
"A03E",2,"ACRU","0-1",9.5,10.7,"2020-08-04"
"A03E",2,"ACRU","0-1",7.7,8.3,"2020-08-04"
"A03E",2,"ACRU","0-1",6,6.8,"2020-08-04"
"A03E",2,"ACPE","0-1",17.6,18.1,"2020-08-04"
"A03E",2,"FAGR","0-1",42.8,43.2,"2020-08-04"
"A03E",2,"FAGR","2-Jan",56,66.4,"2020-08-04"
"A03E",2,"FAGR","2-Jan",62.3,79.9,"2020-08-04"
"A03E",2,"FAGR","0-1",12.9,14.1,"2020-08-04"
"A03E",2,"ACSA","0-1",7.5,7.8,"2020-08-04"
"A03E",2,"ACRU","0-1",12.7,13.8,"2020-08-04"
"A03E",2,"ACPE","0-1",2.3,4.2,"2020-08-04"
"A03E",2,"ACRU","0-1",11.6,12.1,"2020-08-04"
"A03E",2,"ACPE","0-1",15.7,17.8,"2020-08-04"
"A03E",4,"ACPE","0-1",13.1,18,"2020-08-04"
"A03E",4,"ACRU","0-1",9.6,9.8,"2020-08-04"
"A03E",4,"ACRU","0-1",8.5,8.9,"2020-08-04"
"A03E",4,"ACRU","0-1",7.6,8,"2020-08-04"
"A03E",4,"ACPE","0-1",18.7,20.1,"2020-08-04"
"A03E",4,"ACRU","0-1",7.7,8.1,"2020-08-04"
"A03E",4,"ACPE","0-1",19.5,21.7,"2020-08-04"
"A03E",4,"ACRU","0-1",8,8.2,"2020-08-04"
"A03E",4,"ACPE","0-1",11.1,12.1,"2020-08-04"
"A03E",4,"ACSA","0-1",13.6,14.5,"2020-08-04"
"A03E",4,"POGR","0-1",0,20.1,"2020-08-04"
"A03E",4,"ACRU","0-1",4.1,5.6,"2020-08-04"
"A03E",4,"FAGR","0-1",15.2,20.7,"2020-08-04"
"A03E",4,"POGR","0-1",0,9,"2020-08-04"
"A03E",4,"ACPE","0-1",3,5.3,"2020-08-04"
"A03E",4,"ACRU","0-1",10.1,12.9,"2020-08-04"
"A03E",4,"ACRU","0-1",8.1,9.7,"2020-08-04"
"A03E",4,"ACRU","0-1",6,6.6,"2020-08-04"
"A03E",4,"ACPE","0-1",30.5,37,"2020-08-04"
"A03E",4,"ACRU","0-1",7.1,7.5,"2020-08-04"
"A03E",4,"ACPE","0-1",17.1,17.6,"2020-08-04"
"A03E",4,"ACSA","0-1",10,10.3,"2020-08-04"
"A03E",4,"ACRU","0-1",8.5,9.2,"2020-08-04"
"A03E",4,"FAGR","2-Jan",45.4,66.4,"2020-08-04"
"A03E",4,"FAGR","2-Jan",63.6,78.5,"2020-08-04"
"A03E",4,"FAGR","2-Jan",69.6,83.8,"2020-08-04"
"A03W",2,"ACPE","0-1",11,11.6,"2020-08-04"
"A03W",2,"ACPE","0-1",11.5,12.2,"2020-08-04"
"A03W",2,"ACPE","0-1",14.5,15.4,"2020-08-04"
"A03W",2,"ACPE","0-1",0,8.1,"2020-08-04"
"A03W",2,"ACPE","0-1",42.6,44.3,"2020-08-04"
"A03W",2,"ACRU","0-1",0,4.2,"2020-08-04"
"A03W",2,"ACSA","0-1",0,8,"2020-08-04"
"A03W",2,"ACSA","0-1",14.6,15.5,"2020-08-04"
"A03W",2,"ACPE","0-1",10.8,11.8,"2020-08-04"
"A03W",2,"ACPE","0-1",33.5,35.2,"2020-08-04"
"A03W",2,"ACSA","0-1",11.4,11.8,"2020-08-04"
"A03W",2,"ACRU","0-1",6,6.9,"2020-08-04"
"A03W",2,"ACPE","0-1",11.5,12.2,"2020-08-04"
"A03W",2,"ACPE","0-1",19.3,28,"2020-08-04"
"A03W",2,"ACPE","0-1",26.7,27.7,"2020-08-04"
"A03W",2,"ACRU","0-1",15.2,16.3,"2020-08-04"
"A03W",2,"ACPE","0-1",17.1,22.7,"2020-08-04"
"A03W",2,"ACPE","0-1",41.5,46.1,"2020-08-04"
"A03W",2,"ACPE","0-1",28.9,30.5,"2020-08-04"
"A03W",2,"ACPE","0-1",0,5.1,"2020-08-04"
"A03W",2,"ACRU","0-1",0,2.6,"2020-08-04"
"A03W",2,"ACRU","0-1",4.5,6.6,"2020-08-04"
"A03W",2,"ACPE","0-1",0,11.4,"2020-08-04"
"A03W",2,"ACPE","0-1",9.6,10.7,"2020-08-04"
"A03W",2,"ACPE","0-1",39.5,48.4,"2020-08-04"
"A03W",2,"ACPE","0-1",43.4,44.9,"2020-08-04"
"A03W",2,"ACRU","0-1",7.4,7.8,"2020-08-04"
"A03W",4,"VBAC","0-1",6,6.5,"2020-08-04"
"A03W",4,"VBAC","0-1",0,9.1,"2020-08-04"
"A03W",4,"VBAC","0-1",43.6,45,"2020-08-04"
"A03W",4,"ACPE","0-1",0,20.5,"2020-08-04"
"A03W",4,"ACPE","0-1",0,5.5,"2020-08-04"
"A03W",4,"ACPE","2-Jan",26.5,102.6,"2020-08-04"
"A03W",4,"ACPE","2-Jan",26.5,106.4,"2020-08-04"
"A03W",4,"ACPE","0-1",30.5,35.2,"2020-08-04"
"A03W",4,"ACPE","0-1",16.5,18.1,"2020-08-04"
"A03W",4,"ACPE","0-1",12.1,12.8,"2020-08-04"
"A03W",4,"ACPE","0-1",7,8.7,"2020-08-04"
"A03W",4,"ACPE","0-1",11.7,12.3,"2020-08-04"
"A03W",4,"VBAC","0-1",11.5,13.4,"2020-08-04"
"A03W",4,"ACPE","0-1",14.5,15.4,"2020-08-04"
"A03W",4,"VBAC","0-1",52.2,54.7,"2020-08-04"
"A03W",4,"FAGR","2-Jan",152.4,174.9,"2020-08-04"
"A03W",6,NA,"0-1",8.1,4.5,"2020-08-04"
"A03W",6,"ACSA","0-1",0,8.5,"2020-08-04"
"A03W",6,"POGR","0-1",11.5,25.2,"2020-08-04"
"A03W",6,"ACRU","0-1",4.7,4.8,"2020-08-04"
"A03W",6,"ACRU","0-1",7.5,8.2,"2020-08-04"
"A03W",6,"ACRU","0-1",5.7,6.4,"2020-08-04"
"A03W",6,"ACRU","0-1",3,3.9,"2020-08-04"
"A03W",6,"POGR","0-1",0,23.8,"2020-08-04"
"A03W",6,"POGR","0-1",0,8.1,"2020-08-04"
"A03W",6,"POGR","0-1",0,9.3,"2020-08-04"
"A03W",6,"POGR","0-1",0,16.1,"2020-08-04"
"A03W",6,"FAGR","0-1",43,48.7,"2020-08-04"
"A03W",6,"FAGR","0-1",41.4,47.5,"2020-08-04"
"A03W",6,"ACPE","0-1",0,4.9,"2020-08-04"
"A03W",6,"ACRU","0-1",8.5,8.9,"2020-08-04"
"A03W",8,"ACPE","0-1",25.1,26.6,"2020-08-04"
"A03W",8,"ACPE","0-1",24.1,27.3,"2020-08-04"
"A03W",8,"FAGR","0-1",16.5,18.5,"2020-08-04"
"A03W",8,"FAGR","2-Jan",154.3,163.2,"2020-08-04"
"A03W",8,"FAGR","0-1",33.5,38.8,"2020-08-04"
"A03W",8,"FAGR","0-1",52,57.5,"2020-08-04"
"A03W",8,"FAGR","2-Jan",124.5,148.5,"2020-08-04"
"A03W",8,"ACPE","0-1",164,178.9,"2020-08-04"
"A03W",8,"ACPE","0-1",0,6.1,"2020-08-04"
"A03W",8,"ACPE","0-1",20.2,23.3,"2020-08-04"
"A01E",2,"ACPE","0-1",37.8,41.2,"2020-08-04"
"A01E",2,"ACPE","0-1",0,5.2,"2020-08-04"
"A01E",2,"ACSA","0-1",13.1,13.5,"2020-08-04"
"A01E",2,"ACPE","0-1",12.5,13.8,"2020-08-04"
"A01E",2,"CAR","0-1",5.5,6.2,"2020-08-04"
"A01E",2,"ACSA","0-1",11,12.1,"2020-08-04"
"A01E",2,"ACRU","0-1",5,5.7,"2020-08-04"
"A01E",2,"ACPE","0-1",14.4,21.9,"2020-08-04"
"A01E",2,"ACSA","0-1",6.3,6.5,"2020-08-04"
"A01E",2,"ACPE","0-1",19,21.3,"2020-08-04"
"A01E",2,"ACPE","0-1",151.4,156.3,"2020-08-04"
"A01E",2,"ACRU","0-1",9.2,10.3,"2020-08-04"
"A01E",2,"ACPE","0-1",23,23.5,"2020-08-04"
"A01E",2,"ACPE","0-1",62,76,"2020-08-04"
"A01E",2,"ACPE","0-1",0,6.3,"2020-08-04"
"A01E",2,"FAGR","0-1",44.6,53,"2020-08-04"
"A01E",2,"ACSA","0-1",16.5,17.9,"2020-08-04"
"A01E",2,"ACSA","0-1",17.3,17.8,"2020-08-04"
"A01E",2,"ACRU","0-1",13.3,14.7,"2020-08-04"
"A01E",2,"ACPE","0-1",15.5,16.3,"2020-08-04"
"A01E",2,"ACSA","0-1",14.9,15,"2020-08-04"
"A01E",2,"ACSA","0-1",10.6,11.2,"2020-08-04"
"A01E",2,"ACSA","0-1",9,10,"2020-08-04"
"A01E",2,"ACPE","0-1",55,63.8,"2020-08-04"
"A01E",2,"ACRU","0-1",12,12.3,"2020-08-04"
"A01E",2,"ACSA","0-1",7.1,8.5,"2020-08-04"
"A01E",4,"ACPE","0-1",8.5,29.2,"2020-08-04"
"A01E",4,"ACPE","0-1",31,42.2,"2020-08-04"
"A01E",4,"ACPE","0-1",7.5,41.2,"2020-08-04"
"A01E",4,"ACRU","0-1",0,8.3,"2020-08-04"
"A01E",4,"ACSA","0-1",14.3,14.4,"2020-08-04"
"A01E",4,"ACSA","0-1",6.5,9.3,"2020-08-04"
"A01E",4,"ACSA","0-1",11.9,12.3,"2020-08-04"
"A01E",4,"ACPE","0-1",26.1,33,"2020-08-04"
"A01E",4,"ACPE","0-1",7.9,9.5,"2020-08-04"
"A01E",4,"ACPE","0-1",35.5,108.5,"2020-08-04"
"A01E",4,"ACPE","0-1",25.5,72.1,"2020-08-04"
"A01E",4,"ACSA","0-1",8.5,9.7,"2020-08-04"
"A01E",4,"ACPE","0-1",10,14.5,"2020-08-04"
"A01E",4,"ACRU","0-1",6,8.9,"2020-08-04"
"A01E",6,"ACPE","0-1",61,62.5,"2020-08-04"
"A01E",6,"ACPE","0-1",64.6,66.6,"2020-08-04"
"A01E",6,"ACPE","0-1",73.5,76.4,"2020-08-04"
"A01E",6,"ACPE","0-1",103,105.5,"2020-08-04"
"A01E",6,"ACPE","0-1",0,6.3,"2020-08-04"
"A01E",6,"ACPE","0-1",25.2,26,"2020-08-04"
"A01E",6,"ACPE","0-1",23.4,24.7,"2020-08-04"
"A01E",6,"ACRU","0-1",12.5,12.8,"2020-08-04"
"A01E",6,"ACSA","0-1",5.3,5.9,"2020-08-04"
"A01E",6,"ACPE","0-1",41,43.4,"2020-08-04"
"A01E",6,"ACRU","0-1",6,6.2,"2020-08-04"
"A01E",6,"ACRU","0-1",10.5,10.9,"2020-08-04"
"A01E",6,"ACPE","0-1",41.1,43.2,"2020-08-04"
"A01E",6,"ACPE","0-1",45,54.3,"2020-08-04"
"A01E",6,"ACPE","0-1",64.2,65.2,"2020-08-04"
"A01E",6,"ACPE","0-1",14,15.3,"2020-08-04"
"A01E",6,"ACRU","0-1",9.3,9.7,"2020-08-04"
"A01E",6,"AMEL","0-1",9,10.2,"2020-08-04"
"A01E",6,"AMEL","0-1",9.5,10.5,"2020-08-04"
"A01E",6,"AMEL","0-1",13,13.4,"2020-08-04"
"A01E",6,"ACPE","0-1",36,38.2,"2020-08-04"
"A01E",6,"ACPE","0-1",64.5,78,"2020-08-04"
"A01E",6,"ACPE","0-1",52,53.3,"2020-08-04"
"A01E",6,"ACPE","0-1",28.5,30.3,"2020-08-04"
"A01E",8,"ACPE","0-1",0,7,"2020-08-04"
"A01E",8,"ACPE","0-1",0,6.1,"2020-08-04"
"A01E",8,"ACPE","0-1",5.7,7.9,"2020-08-04"
"A01E",8,"ACPE","0-1",20.6,22.9,"2020-08-04"
"A01E",8,"ACPE","0-1",15.5,19.7,"2020-08-04"
"A01E",8,"ACSA","0-1",0,7.4,"2020-08-04"
"A01E",8,"ACPE","0-1",13,14.2,"2020-08-04"
"A01E",8,"ACSA","0-1",12.5,13.9,"2020-08-04"
"A01E",8,"ACPE","0-1",38.8,40.5,"2020-08-04"
"A01E",8,"AMEL","0-1",28.7,29.1,"2020-08-04"
"A01E",8,"ACPE","0-1",61,88.5,"2020-08-04"
"A01E",8,"ACPE","0-1",33.4,84,"2020-08-04"
"A01E",8,"ACPE","0-1",31.8,34.5,"2020-08-04"
"A01E",8,"ACSA","0-1",0,9.5,"2020-08-04"
"A01E",8,"ACSA","0-1",0,6.8,"2020-08-04"
"A01W",2,"ACPE","0-1",26.5,27.8,"2020-08-04"
"A01W",2,"AMEL","0-1",27.5,27.5,"2020-08-04"
"A01W",2,"AMEL","0-1",0,14.5,"2020-08-04"
"A01W",2,"AMEL","0-1",0,6,"2020-08-04"
"A01W",2,"ACPE","0-1",0,16.5,"2020-08-04"
"A01W",2,"ACPE","0-1",0,10,"2020-08-04"
"A01W",2,"ACPE","0-1",0,13.5,"2020-08-04"
"A01W",2,"ACPE","0-1",28.3,30,"2020-08-04"
"A01W",2,"ACPE","0-1",36,37,"2020-08-04"
"A01W",2,"ACPE","0-1",25.5,31.4,"2020-08-04"
"A01W",2,"FAGR","2-Jan",183.7,202.9,"2020-08-04"
"A01W",2,"FAGR","0-1",95.2,97.6,"2020-08-04"
"A01W",2,"FAGR","2-Jan",146.8,153.6,"2020-08-04"
"A01W",2,"FAGR","0-1",16.1,17.5,"2020-08-04"
"A01W",2,"ACPE","0-1",19.5,23.8,"2020-08-04"
"A01W",4,"ACRU","0-1",8,11.1,"2020-08-04"
"A01W",4,"ACRU","0-1",7.5,8,"2020-08-04"
"A01W",4,"ACRU","0-1",8.1,8.9,"2020-08-04"
"A01W",4,"ACRU","0-1",7.2,8,"2020-08-04"
"A01W",4,"ACRU","0-1",8.8,9.4,"2020-08-04"
"A01W",4,"ACRU","0-1",7.4,8.2,"2020-08-04"
"A01W",4,"ACRU","0-1",5.5,6.7,"2020-08-04"
"A01W",4,"ACRU","0-1",5.4,6.2,"2020-08-04"
"A01W",4,"ACRU","0-1",4.5,5.2,"2020-08-04"
"A01W",4,"ACSA","0-1",9.8,10.1,"2020-08-04"
"A01W",4,"ACRU","0-1",7.6,7.9,"2020-08-04"
"A01W",4,"ACRU","0-1",7.7,8.5,"2020-08-04"
"A01W",4,"ACRU","0-1",9.3,10,"2020-08-04"
"A01W",4,"ACSA","0-1",6.2,7.1,"2020-08-04"
"A01W",4,"ACPE","0-1",7.3,10.9,"2020-08-04"
"A01W",4,"ACPE","0-1",13.5,15.4,"2020-08-04"
"A01W",4,"ACPE","0-1",0,8.5,"2020-08-04"
"A01W",4,"ACRU","0-1",9,9.7,"2020-08-04"
"A01W",4,"ACRU","0-1",11.2,13.5,"2020-08-04"
"A01W",4,"ACRU","0-1",7.7,8.4,"2020-08-04"
"A01W",4,"ACRU","0-1",7,8.7,"2020-08-04"
"A01W",4,"ACRU","0-1",7.1,7.8,"2020-08-04"
"A01W",4,"ACRU","0-1",8.6,9,"2020-08-04"
"A01W",4,"ACRU","0-1",7.5,8,"2020-08-04"
"A01W",4,"FAGR","3-Feb",183,206.2,"2020-08-04"
"A01W",4,"ACPE","0-1",52.7,69.6,"2020-08-04"
"A01W",4,"ACPE","0-1",51,68.7,"2020-08-04"
"A01W",4,"ACPE","0-1",54.6,67.2,"2020-08-04"
"A01W",4,"FAGR","0-1",92.7,93.8,"2020-08-04"
"A01W",4,"ACRU","0-1",9,9.6,"2020-08-04"
"A01W",6,"ACPE","0-1",14,15.4,"2020-08-04"
"A01W",6,"ACRU","0-1",7.5,9.5,"2020-08-04"
"A01W",6,"ACRU","0-1",4,7.9,"2020-08-04"
"A01W",6,"ACRU","0-1",4.3,6.2,"2020-08-04"
"A01W",6,"ACPE","0-1",9.9,10.2,"2020-08-04"
"A01W",6,"ACRU","0-1",8.4,9.7,"2020-08-04"
"A01W",6,"ACRU","0-1",5.3,6.1,"2020-08-04"
"A01W",6,"ACRU","0-1",7.4,9,"2020-08-04"
"A01W",6,"ACPE","0-1",0,8.1,"2020-08-04"
"A01W",6,"ACPE","0-1",27,56,"2020-08-04"
"A01W",6,"ACPE","0-1",18.9,43.5,"2020-08-04"
"A01W",6,"ACRU","0-1",5.5,5.8,"2020-08-04"
"A01W",6,"ACRU","0-1",4.5,5.3,"2020-08-04"
"A01W",6,"ACPE","0-1",38.2,45.1,"2020-08-04"
"A01W",6,"ACRU","0-1",7,8.2,"2020-08-04"
"A01W",6,"ACRU","0-1",6.5,7.1,"2020-08-04"
"A01W",6,"ACPE","0-1",18.9,25.5,"2020-08-04"
"A01W",6,"ACRU","0-1",4,5.6,"2020-08-04"
"A01W",6,"VBAC","0-1",0,9,"2020-08-04"
"A01W",6,"VBAC","0-1",13.1,15.7,"2020-08-04"
"A01W",6,"ACRU","0-1",4.9,5.4,"2020-08-04"
"A01W",6,"ACRU","0-1",2.5,6.2,"2020-08-04"
"A01W",6,"ACPE","0-1",33.8,59.5,"2020-08-04"
"A01W",6,"ACRU","0-1",4.9,5.4,"2020-08-04"
"A01W",6,"ACRU","0-1",6.7,9,"2020-08-04"
"A01W",6,"ACRU","0-1",6,7.4,"2020-08-04"
"A01W",6,"ACRU","0-1",4.7,9.9,"2020-08-04"
"A01W",6,"ACPE","0-1",11.5,14.4,"2020-08-04"
"A01W",6,"ACPE","0-1",9.5,13.3,"2020-08-04"
"A01W",8,"ACRU","0-1",8,8.4,"2020-08-04"
"A01W",8,"ACRU","0-1",9,10.7,"2020-08-04"
"A01W",8,"ACRU","0-1",12.2,12.6,"2020-08-04"
"A01W",8,"ACSA","0-1",7.5,8.1,"2020-08-04"
"A01W",8,"ACRU","0-1",7.6,8,"2020-08-04"
"A01W",8,"ACSA","0-1",0,7.4,"2020-08-04"
"A01W",8,"ACRU","0-1",6,6.7,"2020-08-04"
"A01W",8,"ACRU","0-1",12.5,13.2,"2020-08-04"
"A01W",8,"ACRU","0-1",5.3,5.9,"2020-08-04"
"A01W",8,"ACRU","0-1",3.5,4.3,"2020-08-04"
"A01W",8,"ACRU","0-1",9.1,9.9,"2020-08-04"
"A01W",8,"ACRU","0-1",12,13,"2020-08-04"
"A01W",8,"ACRU","0-1",12.5,13.8,"2020-08-04"
"A01W",8,"ACRU","0-1",8.9,9.7,"2020-08-04"
"A01W",8,"ACRU","0-1",3.7,4.5,"2020-08-04"
"A01W",8,"ACRU","0-1",4.5,5.3,"2020-08-04"
"A01W",8,"ACRU","0-1",3.9,5.1,"2020-08-04"
"A01W",8,"ACRU","0-1",9.5,11.6,"2020-08-04"
"A01W",8,"ACRU","0-1",7.5,8.8,"2020-08-04"
"A01W",8,"ACRU","0-1",5.1,5.3,"2020-08-04"
"A01W",8,"ACRU","0-1",11.1,11.4,"2020-08-04"
"A01W",8,"ACRU","0-1",7.7,8.8,"2020-08-04"
"A01W",8,"ACRU","0-1",9,10.6,"2020-08-04"
"A01W",8,"ACRU","0-1",10.5,10.8,"2020-08-04"
"A01W",8,"ACRU","0-1",9.8,10.5,"2020-08-04"
"A01W",8,"ACRU","0-1",7.5,9.5,"2020-08-04"
"A01W",8,"ACPE","0-1",19.9,26,"2020-08-04"
"A01W",8,"ACRU","0-1",7.5,7.8,"2020-08-04"
"A01W",8,"ACRU","0-1",8.5,9.2,"2020-08-04"
"A01W",8,"ACRU","0-1",4.5,8.3,"2020-08-04"
"A01W",8,"ACRU","0-1",5.6,6.9,"2020-08-04"
"A01W",8,"ACSA","0-1",0,9.7,"2020-08-04"
"A01W",8,"ACRU","0-1",10.1,12.2,"2020-08-04"
"A01W",8,"ACSA","0-1",17.7,18.1,"2020-08-04"
"A01W",8,"FAGR","3-Feb",207.2,231.1,"2020-08-04"
"A01W",8,"FAGR","2-Jan",128.4,138.6,"2020-08-04"
"A01W",8,"FAGR","0-1",93.9,103,"2020-08-04"
"A01W",8,"FAGR","0-1",62.7,67.8,"2020-08-04"
"A01W",8,"FAGR","0-1",87.6,94.4,"2020-08-04"
"A01W",8,"FAGR","0-1",76.3,84.4,"2020-08-04"
"A02W",6,"ACRU","0-1",9.5,13.8,"2020-08-04"
"A02W",6,"ACRU","0-1",7,8.6,"2020-08-04"
"A02W",6,"ACSA","0-1",12.5,13.4,"2020-08-04"
"A02W",6,"ACPE","0-1",43.6,61.4,"2020-08-04"
"A02W",6,"ACPE","0-1",51,74.2,"2020-08-04"
"A02W",6,"ACPE","0-1",33.1,52.3,"2020-08-04"
"A02W",6,"ACRU","0-1",8,10.8,"2020-08-04"
"A02W",6,"ACPE","0-1",15.5,30.3,"2020-08-04"
"A02W",6,"ACPE","0-1",12.6,26.9,"2020-08-04"
"A02W",6,"ACRU","0-1",7.7,9,"2020-08-04"
"A02W",6,"FAGR","2-Jan",107.2,134,"2020-08-04"
"A02W",6,"ACPE","2-Jan",41.2,121,"2020-08-04"
"A02W",6,"ACPE","2-Jan",39.4,109.5,"2020-08-04"
"A02W",6,"ACPE","0-1",0,8.3,"2020-08-04"
"A02W",6,"ACPE","0-1",0,26.5,"2020-08-04"
"A02W",6,"ACPE","0-1",6.5,15.6,"2020-08-04"
"A02W",6,"ACSA","0-1",12.4,13.7,"2020-08-04"
"A02W",6,"ACPE","0-1",16,17.2,"2020-08-04"
"A02W",6,"FRPE","0-1",0,15.6,"2020-08-04"
"A02W",6,"ACSA","0-1",26.3,29.5,"2020-08-04"
"A02W",6,"ACSA","0-1",16.6,19.4,"2020-08-04"
"A02W",6,"ACPE","2-Jan",96.3,96.8,"2020-08-04"
"A02W",6,"ACPE","2-Jan",69.3,100,"2020-08-04"
"A02W",8,"ACPE","0-1",7.7,42.5,"2020-08-04"
"A02W",8,"ACPE","0-1",16.2,30.3,"2020-08-04"
"A02W",8,"ACPE","2-Jan",68.7,140,"2020-08-04"
"A02W",8,"ACSA","0-1",9.5,14.2,"2020-08-04"
"A02W",8,"ACSA","0-1",17.1,18.6,"2020-08-04"
"A02W",8,"ACPE","0-1",3,12.6,"2020-08-04"
"A02W",8,"ACPE","0-1",4.2,6.7,"2020-08-04"
"A02W",8,"ACSA","0-1",8.9,9.3,"2020-08-04"
"A02W",8,"ACPE","0-1",66.2,93.4,"2020-08-04"
"A02W",8,"ACSA","0-1",13.3,13.7,"2020-08-04"
"A02W",8,"ACPE","0-1",12,20.2,"2020-08-04"
"A02W",8,"ACPE","0-1",15.4,34,"2020-08-04"
"A02W",8,"ACPE","0-1",40.1,61.7,"2020-08-04"
"A02W",8,"ACSA","0-1",9.9,12.4,"2020-08-04"
"A02W",8,"AMEL","0-1",14.5,15.7,"2020-08-04"
"A02W",8,"AMEL","0-1",25.5,29.8,"2020-08-04"
"A02W",8,"AMEL","0-1",25,25.7,"2020-08-04"
"A02W",8,"ACPE","0-1",32,65.1,"2020-08-04"
"A02W",8,"ACPE","0-1",32,53.9,"2020-08-04"
"A02W",8,"ACPE","0-1",26.1,54.7,"2020-08-04"
"A02W",8,"ACPE","0-1",14.9,33,"2020-08-04"
"A02W",2,"ACSA","0-1",0,8.6,"2020-08-04"
"A02W",2,"ACSA","0-1",0,7.9,"2020-08-04"
"A02W",2,"ACSA","0-1",10.2,11,"2020-08-04"
"A02W",2,"ACSA","0-1",0,6.6,"2020-08-04"
"A02W",2,"ACSA","0-1",10.3,11.8,"2020-08-04"
"A02W",2,"ACSA","0-1",13.6,14.3,"2020-08-04"
"A02W",2,"ACPE","0-1",46.2,47.9,"2020-08-04"
"A02W",2,"ACPE","0-1",47.1,52.8,"2020-08-04"
"A02W",2,"ACPE","0-1",22.5,24.9,"2020-08-04"
"A02W",2,"ACPE","0-1",56.9,58.2,"2020-08-04"
"A02W",2,"ACPE","0-1",12.7,15.4,"2020-08-04"
"A02W",2,"ACSA","0-1",0,6.4,"2020-08-04"
"A02W",2,"ACRU","0-1",5.5,6.1,"2020-08-04"
"A02W",2,"ACPE","0-1",7,8.9,"2020-08-04"
"A02W",2,"ACPE","0-1",4.5,6.2,"2020-08-04"
"A02W",2,"ACSA","0-1",0,7.3,"2020-08-04"
"A02W",2,"ACSA","0-1",11,12.1,"2020-08-04"
"A02W",2,"ACSA","0-1",12.2,13,"2020-08-04"
"A02W",2,"ACPE","0-1",9,11.6,"2020-08-04"
"A02W",2,"ACPE","2-Jan",38.4,59.9,"2020-08-04"
"A02W",2,"ACPE","0-1",48.7,51.1,"2020-08-04"
"A02W",2,"ACPE","2-Jan",117.4,127.4,"2020-08-04"
"A02W",4,"ACPE","0-1",16.5,24.3,"2020-08-04"
"A02W",4,"ACPE","0-1",41.5,69.7,"2020-08-04"
"A02W",4,"ACPE","0-1",22,46.6,"2020-08-04"
"A02W",4,"ACPE","0-1",72.1,87.2,"2020-08-04"
"A02W",4,"ACPE","0-1",0,2.8,"2020-08-04"
"A02W",4,"ACPE","0-1",9.2,14,"2020-08-04"
"A02W",4,"ACPE","0-1",107.1,129.4,"2020-08-04"
"A02W",4,"ACPE","0-1",101.1,102.7,"2020-08-04"
"A02W",4,"ACPE","0-1",30.4,35.7,"2020-08-04"
"A02W",4,"ACPE","0-1",6,15.4,"2020-08-04"
"A02W",4,"ACPE","0-1",6.1,13.3,"2020-08-04"
"A02W",4,"ACPE","0-1",8.5,14.2,"2020-08-04"
"A02W",4,"ACPE","0-1",41.5,48.2,"2020-08-04"
"A02W",4,"ACPE","0-1",44.1,46.5,"2020-08-04"
"A02W",4,"ACPE","2-Jan",169,170.8,"2020-08-04"
"A02W",4,"ACPE","2-Jan",298,366.3,"2020-08-04"
"A02W",4,"ACPE","0-1",120,136.7,"2020-08-04"
"A02W",4,"ACPE","0-1",63,103.8,"2020-08-04"
"A02W",4,"ACPE","2-Jan",83.5,128.4,"2020-08-04"
"A02W",4,"ACPE","0-1",68.8,70.7,"2020-08-04"
"A02W",4,"ACPE","0-1",7.5,13.6,"2020-08-04"
"A02E",6,"ACPE","0-1",0,5.1,"2020-08-04"
"A02E",6,"ACPE","0-1",0,4.4,"2020-08-04"
"A02E",6,"ACPE","0-1",0,3.2,"2020-08-04"
"A02E",6,"ACPE","0-1",7.9,9.8,"2020-08-04"
"A02E",6,"ACPE","0-1",12,13.8,"2020-08-04"
"A02E",6,"ACPE","0-1",10,11.7,"2020-08-04"
"A02E",6,"ACPE","0-1",9.8,10.9,"2020-08-04"
"A02E",6,"FRPE","0-1",16.5,17.1,"2020-08-04"
"A02E",6,"ACSA","0-1",0,10.4,"2020-08-04"
"A02E",6,"ACPE","0-1",27.5,30.3,"2020-08-04"
"A02E",6,"ACSA","0-1",0,9.4,"2020-08-04"
"A02E",6,"POGR","0-1",0,13.2,"2020-08-04"
"A02E",6,"ACSA","0-1",4.3,6.5,"2020-08-04"
"A02E",6,"FRPE","0-1",16.2,17.1,"2020-08-04"
"A02E",6,"ACSA","0-1",0,6.8,"2020-08-04"
"A02E",6,"FRPE","0-1",15.4,16.4,"2020-08-04"
"A02E",6,"ACSA","0-1",0,9.1,"2020-08-04"
"A02E",6,"ACSA","0-1",14,15.1,"2020-08-04"
"A02E",6,"ACSA","0-1",22.6,22.9,"2020-08-04"
"A02E",6,"ACSA","0-1",6.3,6.6,"2020-08-04"
"A02E",6,"ACRU","0-1",4.7,6.2,"2020-08-04"
"A02E",6,"ACRU","0-1",3.5,6.8,"2020-08-04"
"A02E",6,"ACPE","0-1",10.9,12.2,"2020-08-04"
"A02E",6,"ACPE","0-1",24.9,26.5,"2020-08-04"
"A02E",6,"ACPE","0-1",14.7,16.3,"2020-08-04"
"A02E",6,"ACPE","0-1",20.6,22.2,"2020-08-04"
"A02E",6,"ACPE","0-1",0,3.3,"2020-08-04"
"A02E",6,"ACSA","0-1",0,7.4,"2020-08-04"
"A02E",6,"ACSA","0-1",0,10.1,"2020-08-04"
"A02E",6,"ACPE","0-1",24.1,25.6,"2020-08-04"
"A02E",6,"ACPE","0-1",191.7,193.2,"2020-08-04"
"A02E",6,"FAGR","0-1",71.3,82.9,"2020-08-04"
"A02E",6,"FAGR","0-1",95.6,98.3,"2020-08-04"
"A02E",8,"ACPE","0-1",0,7.6,"2020-08-04"
"A02E",8,"ACPE","0-1",0,5.7,"2020-08-04"
"A02E",8,"ACPE","0-1",0,6.9,"2020-08-04"
"A02E",2,"ACPE","0-1",5.3,10.9,"2020-08-04"
"A02E",2,"ACPE","0-1",52.4,52.9,"2020-08-04"
"A02E",2,"ACPE","0-1",51.6,52.8,"2020-08-04"
"A02E",2,"ACPE","0-1",16.3,17.4,"2020-08-04"
"A02E",2,"ACPE","0-1",38.6,38.8,"2020-08-04"
"A02E",2,"ACSA","0-1",15.1,15.6,"2020-08-04"
"A02E",2,"ACSA","0-1",8.5,9.4,"2020-08-04"
"A02E",2,"ACPE","0-1",22.7,24.6,"2020-08-04"
"A02E",2,"ACPE","0-1",15.9,17.9,"2020-08-04"
"A02E",2,"ACPE","0-1",49.3,52.2,"2020-08-04"
"A02E",2,"FAGR","2-Jan",177.1,177.5,"2020-08-04"
"A02E",2,"ACSA","0-1",6.4,6.8,"2020-08-04"
"A02E",2,"ACSA","0-1",6.6,7,"2020-08-04"
"A02E",2,"ACPE","0-1",12,13.3,"2020-08-04"
"A02E",2,"ACPE","0-1",0,6.5,"2020-08-04"
"A02E",4,"ACPE","0-1",14,16.4,"2020-08-04"
"A02E",4,"ACSA","0-1",4.1,6.9,"2020-08-04"
"A02E",4,"ACSA","0-1",6.3,10.8,"2020-08-04"
"A02E",4,"ACSA","0-1",15,18.4,"2020-08-04"
"A02E",4,"ACSA","0-1",14.7,18.3,"2020-08-04"
"A02E",4,"ACSA","0-1",0,8.4,"2020-08-04"
"A02E",4,"ACSA","0-1",0,9.3,"2020-08-04"
"A02E",4,"ACSA","0-1",0,6.5,"2020-08-04"
"A02E",4,"ACPE","0-1",7.6,10.8,"2020-08-04"
"A02E",4,"ACPE","0-1",20.5,22.1,"2020-08-04"
"A02E",4,"ACSA","0-1",0,9.9,"2020-08-04"
"A02E",4,"ACSA","0-1",16.2,16.6,"2020-08-04"
"A02E",4,"ACSA","0-1",0,6.3,"2020-08-04"
"A02E",4,"ACSA","0-1",0,7.7,"2020-08-04"
"A02E",4,"ACRU","0-1",5.6,6.1,"2020-08-04"
"A02E",4,"ACRU","0-1",5,6.6,"2020-08-04"
"A02E",4,"ACRU","0-1",0,6.4,"2020-08-04"
"A02E",4,"ACSA","0-1",0,7.2,"2020-08-04"
"A02E",4,"ACSA","0-1",0,6.7,"2020-08-04"
"A02E",4,"ACPE","0-1",43.2,51.9,"2020-08-04"
"A02E",4,"POGR","0-1",0,49,"2020-08-04"
"A02E",6,"ACSA","0-1",5.8,6.9,"2020-08-04"
"A02E",6,"ACRU","0-1",5.7,6,"2020-08-04"
"A02E",6,"ACRU","0-1",4.1,4.5,"2020-08-04"
"A02E",6,"ACSA","0-1",6.4,7.2,"2020-08-04"
"A02E",6,"ACSA","0-1",6,6.4,"2020-08-04"
"A02E",6,"ACRU","0-1",3.5,3.7,"2020-08-04"
"A02E",6,"ACSA","0-1",0,6.5,"2020-08-04"
"A02E",6,"ACRU","0-1",5.7,6.7,"2020-08-04"
"A02E",6,"ACSA","0-1",0,9.3,"2020-08-04"
"A02E",6,"ACSA","0-1",0,6.1,"2020-08-04"
"A02E",6,"ACPE","0-1",8.9,9,"2020-08-04"
"A02E",6,"ACPE","0-1",11,16.8,"2020-08-04"
"A04W",6,"ACSA","0-1",0,6.9,"2020-08-04"
"A04W",6,"ACRU","0-1",7.4,7.6,"2020-08-04"
"A04W",6,"ACSA","0-1",0,7.4,"2020-08-04"
"A04W",6,"ACPE","0-1",10,11.4,"2020-08-04"
"A04W",6,"ACRU","0-1",0,5.3,"2020-08-04"
"A04W",6,NA,"0-1",0,6,"2020-08-04"
"A04W",6,"VBAC","0-1",19,20.4,"2020-08-04"
"A04W",6,"VBAC","0-1",27.7,28,"2020-08-04"
"A04W",6,"VBAC","0-1",39.4,58.1,"2020-08-04"
"A04W",6,"VBAC","0-1",37.5,41.4,"2020-08-04"
"A04W",6,"VBAC","0-1",22.5,25.9,"2020-08-04"
"A04W",6,"ACRU","0-1",7,7.4,"2020-08-04"
"A04W",8,"ACPE","0-1",34.6,36.8,"2020-08-04"
"A04W",8,"ACPE","0-1",14.6,32.2,"2020-08-04"
"A04W",8,"ACPE","0-1",5.2,6.9,"2020-08-04"
"A04W",8,"ACSA","0-1",12.9,13.3,"2020-08-04"
"A04W",8,"ACSA","0-1",0,6.3,"2020-08-04"
"A04W",8,"ACSA","0-1",0,6.9,"2020-08-04"
"A04W",8,"ACSA","0-1",0,8.1,"2020-08-04"
"A04W",8,"ACSA","0-1",0,5.9,"2020-08-04"
"A04W",8,"ACSA","0-1",0,5.9,"2020-08-04"
"A04W",8,"ACPE","0-1",13.2,19.6,"2020-08-04"
"A04W",8,"ACPE","0-1",13.9,15.4,"2020-08-04"
"A04W",8,"ACSA","0-1",0,7,"2020-08-04"
"A04W",8,"ACSA","0-1",0,8.5,"2020-08-04"
"A04W",8,"ACSA","0-1",0,7.3,"2020-08-04"
"A04W",8,"ACRU","0-1",0,5.4,"2020-08-04"
"A04W",8,"ACPE","0-1",41.6,42.7,"2020-08-04"
"A04W",8,"ACSA","0-1",0,7.9,"2020-08-04"
"A04W",8,"ACSA","0-1",0,7,"2020-08-04"
"A04W",8,"ACSA","0-1",11.7,12.4,"2020-08-04"
"A04W",8,"ACSA","0-1",0,5.9,"2020-08-04"
"A04W",8,"ACRU","0-1",6,7.1,"2020-08-04"
"A04W",8,"ACSA","0-1",0,7.1,"2020-08-04"
"A04W",8,"ACPE","0-1",60,67.6,"2020-08-04"
"A04W",8,"ACPE","0-1",60,64,"2020-08-04"
"A04W",2,"ACSA","0-1",9,10.1,"2020-08-04"
"A04W",2,"ACSA","0-1",13.7,15.4,"2020-08-04"
"A04W",2,"ACSA","0-1",8.3,8.9,"2020-08-04"
"A04W",2,"ACSA","0-1",9.5,9.8,"2020-08-04"
"A04W",2,"ACSA","0-1",0,7.1,"2020-08-04"
"A04W",2,"ACSA","0-1",0,8.6,"2020-08-04"
"A04W",2,"ACSA","0-1",12.9,13.3,"2020-08-04"
"A04W",2,"ACSA","0-1",6.6,7.1,"2020-08-04"
"A04W",2,"ACSA","0-1",9.6,10.1,"2020-08-04"
"A04W",2,"ACSA","0-1",0,6.7,"2020-08-04"
"A04W",2,"ACSA","0-1",6.6,7.1,"2020-08-04"
"A04W",2,"ACPE","0-1",20,20.9,"2020-08-04"
"A04W",2,"ACPE","0-1",20.5,21.5,"2020-08-04"
"A04W",2,"ACSA","0-1",8.6,9.3,"2020-08-04"
"A04W",2,"ACSA","0-1",0,6.6,"2020-08-04"
"A04W",2,"ACSA","0-1",7.6,7.9,"2020-08-04"
"A04W",2,"ACRU","0-1",3.5,5.1,"2020-08-04"
"A04W",2,"ACSA","0-1",5.9,6.4,"2020-08-04"
"A04W",2,"ACSA","0-1",7.9,8.3,"2020-08-04"
"A04W",2,"ACRU","0-1",5.4,6,"2020-08-04"
"A04W",2,"ACSA","0-1",0,7.4,"2020-08-04"
"A04W",2,"ACSA","0-1",10,10.5,"2020-08-04"
"A04W",2,"ACSA","0-1",10.1,10.4,"2020-08-04"
"A04W",2,"ACSA","0-1",11.5,11.9,"2020-08-04"
"A04W",2,"ACSA","0-1",0,7.3,"2020-08-04"
"A04W",2,"ACSA","0-1",10.6,11.5,"2020-08-04"
"A04W",2,"AMEL","0-1",5.1,7.1,"2020-08-04"
"A04W",2,"ACRU","0-1",6.5,6.9,"2020-08-04"
"A04W",2,"ACRU","0-1",7.6,8,"2020-08-04"
"A04W",2,"ACSA","0-1",0,4,"2020-08-04"
"A04W",2,"ACSA","0-1",14.1,14.9,"2020-08-04"
"A04W",2,"ACSA","0-1",12.6,13,"2020-08-04"
"A04W",2,"ACRU","0-1",0,5.5,"2020-08-04"
"A04W",2,"ACSA","0-1",0,4.3,"2020-08-04"
"A04W",2,"AMEL","0-1",12.9,13.4,"2020-08-04"
"A04W",2,"ACPE","0-1",25.6,29.2,"2020-08-04"
"A04W",2,"ACPE","0-1",58.4,61.2,"2020-08-04"
"A04W",4,"ACSA","0-1",9,10.3,"2020-08-04"
"A04W",4,"ACPE","0-1",10.7,11.8,"2020-08-04"
"A04W",4,"ACSA","0-1",0,6.9,"2020-08-04"
"A04W",4,"ACSA","0-1",0,7.4,"2020-08-04"
"A04W",4,"ACSA","0-1",0,4,"2020-08-04"
"A04W",4,"ACSA","0-1",0,6.6,"2020-08-04"
"A04W",4,"ACSA","0-1",9.1,9.8,"2020-08-04"
"A04W",4,"ACSA","0-1",9.6,10.6,"2020-08-04"
"A04W",4,"ACSA","0-1",0,6.7,"2020-08-04"
"A04W",4,"ACSA","0-1",0,6.8,"2020-08-04"
"A04W",4,"ACRU","0-1",6.2,6.6,"2020-08-04"
"A04W",4,"POGR","0-1",0,23.8,"2020-08-04"
"A04W",4,"ACSA","0-1",0,4.6,"2020-08-04"
"A04E",6,"ACRU","0-1",17.4,17.9,"2020-08-04"
"A04E",6,"ACRU","0-1",0,4.6,"2020-08-04"
"A04E",6,"VBAC","0-1",10.6,11.1,"2020-08-04"
"A04E",6,"ACRU","0-1",15.1,16.1,"2020-08-04"
"A04E",6,"ACPE","0-1",31.6,33.9,"2020-08-04"
"A04E",6,"ACPE","0-1",29.2,32.4,"2020-08-04"
"A04E",6,"ACPE","0-1",7.5,9.1,"2020-08-04"
"A04E",6,"ACPE","0-1",0,7,"2020-08-04"
"A04E",4,"FAGR","0-1",29.5,36.8,"2020-08-04"
"A04E",4,"POGR","0-1",0,7.7,"2020-08-04"
"A04E",4,"ACRU","0-1",0,6.9,"2020-08-04"
"A04E",4,"ACPE","0-1",82.1,86.7,"2020-08-04"
"A04E",4,"ACPE","0-1",40.8,48.1,"2020-08-04"
"A04E",4,"ACPE","0-1",43.7,47.4,"2020-08-04"
"A04E",2,"ACSA","0-1",9.9,10.3,"2020-08-04"
"A04E",2,"ACSA","0-1",11.8,12.2,"2020-08-04"
"A04E",2,"ACSA","0-1",5.4,7.3,"2020-08-04"
"A04E",2,"POGR","0-1",0,6.3,"2020-08-04"
"A04E",2,"POGR","0-1",0,18.8,"2020-08-04"
"A04E",2,"POGR","0-1",0,9.6,"2020-08-04"
"A04E",2,"ACSA","0-1",0,8.1,"2020-08-04"
"A04E",2,"ACPE","0-1",5.9,15.2,"2020-08-04"
"A04E",2,"ACPE","0-1",0,3.7,"2020-08-04"
"A04E",2,"ACRU","0-1",0,5.1,"2020-08-04"
"A04E",2,"POGR","0-1",0,61.9,"2020-08-04"
"A04E",2,"ACPE","0-1",5.6,6.6,"2020-08-04"
"A04E",2,"ACPE","0-1",11.4,19.7,"2020-08-04"
"A04E",2,"ACPE","0-1",14.7,15.8,"2020-08-04"
"A04E",2,"ACSA","0-1",9.6,11,"2020-08-04"
"A04E",2,"ACSA","0-1",13.6,14.6,"2020-08-04"
"A04E",2,"ACSA","0-1",11.8,12.6,"2020-08-04"
"A04E",2,"ACSA","0-1",15.1,15.8,"2020-08-04"
"A04E",2,"ACSA","0-1",0,5.9,"2020-08-04"
"A04E",2,"ACPE","0-1",30,33.8,"2020-08-04"
"A04E",2,"ACPE","2-Jan",44.1,63.3,"2020-08-04"
"A04E",2,"POGR","0-1",15.5,32.4,"2020-08-04"
"A04E",2,"ACPE","0-1",0,5.7,"2020-08-04"
"A04E",2,"ACSA","0-1",0,7.8,"2020-08-04"
"A04E",2,"ACPE","0-1",81.5,82,"2020-08-04"
"A04E",2,"ACPE","0-1",72.1,81.4,"2020-08-04"
"A04E",2,"ACPE","2-Jan",52.7,75.7,"2020-08-04"
"A04E",2,"ACPE","2-Jan",100.4,133.7,"2020-08-04"
"A04E",8,"ACPE","0-1",12.7,23.3,"2020-08-04"
"A04E",8,"ACPE","0-1",11,17.7,"2020-08-04"
"A04E",8,"ACPE","0-1",11.7,13.2,"2020-08-04"
"A04E",8,"ACPE","0-1",33.6,35.9,"2020-08-04"
"A04E",8,"ACPE","0-1",45.7,47.2,"2020-08-04"
"A04E",8,"ACSA","0-1",12.9,13.9,"2020-08-04"
"A04E",8,"ACSA","0-1",14.6,15.8,"2020-08-04"
"A04E",8,"ACSA","0-1",0,7.7,"2020-08-04"
"A04E",8,"ACRU","0-1",0,6.1,"2020-08-04"
"A04E",8,"ACSA","0-1",0,9.3,"2020-08-04"
"A04E",8,"ACSA","0-1",13.5,15.4,"2020-08-04"
"A04E",8,"ACSA","0-1",0,5.5,"2020-08-04"
"A04E",8,"ACSA","0-1",0,5.7,"2020-08-04"
"A04E",8,"ACSA","0-1",16.6,17.4,"2020-08-04"
"A04E",8,"ACPE","0-1",42.9,52.8,"2020-08-04"
"A04E",8,"ACPE","0-1",50.7,52,"2020-08-04"
"A04E",8,"ACSA","0-1",8.3,10.9,"2020-08-04"
"A04E",8,"ACPE","0-1",29.4,44,"2020-08-04"
"A04E",8,"ACPE","0-1",36.1,47.9,"2020-08-04"
